regione;codStaz;annoI;annoF;parametro;maxPerc
abruzzo;1953;1974;1999;tmax;95
abruzzo;1953;1974;1999;tmin;95
abruzzo;2198;1974;2002;tmax;95
abruzzo;2198;1974;2002;tmin;95
abruzzo;2034;1974;2003;tmax;90
abruzzo;2034;1974;2003;tmin;90
abruzzo;2050;1974;2003;tmax;85
abruzzo;2050;1974;2003;tmin;85
abruzzo;2136;1974;2004;tmax;95
abruzzo;2136;1974;2004;tmin;95
abruzzo;1986;1974;2005;tmax;95
abruzzo;1986;1974;2005;tmin;95
abruzzo;1990;1974;2005;tmax;100
abruzzo;1990;1974;2005;tmin;100
abruzzo;1994;1974;2005;tmax;95
abruzzo;1994;1974;2005;tmin;95
abruzzo;2022;1974;2005;tmax;90
abruzzo;2022;1974;2005;tmin;90
abruzzo;2024;1974;2005;tmax;100
abruzzo;2024;1974;2005;tmin;100
abruzzo;1962;1974;2006;tmax;95
abruzzo;1962;1974;2006;tmin;95
abruzzo;2000;1974;2006;tmax;85
abruzzo;2000;1974;2006;tmin;85
abruzzo;2003;1974;2006;tmax;90
abruzzo;2003;1974;2006;tmin;90
abruzzo;2010;1974;2006;tmax;100
abruzzo;2010;1974;2006;tmin;100
abruzzo;2011;1974;2006;tmax;95
abruzzo;2011;1974;2006;tmin;95
abruzzo;2014;1974;2006;tmax;95
abruzzo;2014;1974;2006;tmin;95
abruzzo;2031;1974;2006;tmax;95
abruzzo;2031;1974;2006;tmin;95
abruzzo;2032;1974;2006;tmax;85
abruzzo;2032;1974;2006;tmin;85
abruzzo;2039;1974;2006;tmax;90
abruzzo;2039;1974;2006;tmin;90
abruzzo;2041;1974;2006;tmax;95
abruzzo;2041;1974;2006;tmin;95
abruzzo;2043;1974;2006;tmax;90
abruzzo;2043;1974;2006;tmin;90
abruzzo;1940;1974;2009;tmax;100
abruzzo;1940;1974;2009;tmin;100
abruzzo;1996;1974;2009;tmax;85
abruzzo;1996;1974;2009;tmin;85
abruzzo;2071;1974;2011;tmax;100
abruzzo;2071;1974;2011;tmin;100
abruzzo;1950;1974;2012;tmax;85
abruzzo;1950;1974;2012;tmin;85
abruzzo;1979;1974;2012;tmax;85
abruzzo;1979;1974;2012;tmin;85
abruzzo;2279;1974;2012;tmax;90
abruzzo;2279;1974;2012;tmin;90
abruzzo;2062;1974;2013;tmax;100
abruzzo;2062;1974;2013;tmin;100
abruzzo;404;1974;2013;tmax;85
abruzzo;404;1974;2013;tmin;85
abruzzo;2029;1974;2014;tmax;95
abruzzo;2029;1974;2014;tmin;95
abruzzo;2085;1974;2014;tmax;100
abruzzo;2085;1974;2014;tmin;100
abruzzo;2213;1974;2014;tmax;95
abruzzo;2213;1974;2014;tmin;95
abruzzo;1540;1974;2015;tmax;95
abruzzo;1540;1974;2015;tmin;95
abruzzo;1707;1974;2015;tmax;95
abruzzo;1707;1974;2015;tmin;95
abruzzo;1932;1974;2015;tmax;85
abruzzo;1932;1974;2015;tmin;85
abruzzo;1951;1974;2015;tmax;80
abruzzo;1951;1974;2015;tmin;80
abruzzo;1975;1974;2015;tmax;95
abruzzo;1975;1974;2015;tmin;95
abruzzo;1982;1974;2015;tmax;95
abruzzo;1982;1974;2015;tmin;95
abruzzo;1999;1974;2015;tmax;90
abruzzo;1999;1974;2015;tmin;90
abruzzo;2;1974;2015;tmax;95
abruzzo;2;1974;2015;tmin;95
abruzzo;2135;1974;2015;tmax;95
abruzzo;2135;1974;2015;tmin;95
abruzzo;2159;1974;2015;tmax;95
abruzzo;2159;1974;2015;tmin;95
abruzzo;2176;1974;2015;tmax;85
abruzzo;2176;1974;2015;tmin;85
abruzzo;2256;1974;2015;tmax;95
abruzzo;2256;1974;2015;tmin;95
abruzzo;2258;1974;2015;tmax;95
abruzzo;2258;1974;2015;tmin;95
abruzzo;2262;1974;2015;tmax;85
abruzzo;2262;1974;2015;tmin;85
abruzzo;2274;1974;2015;tmax;95
abruzzo;2274;1974;2015;tmin;95
abruzzo;606;1974;2015;tmax;100
abruzzo;606;1974;2015;tmin;100
abruzzo;2224;1975;2012;tmax;90
abruzzo;2224;1975;2012;tmin;90
abruzzo;2261;1975;2012;tmax;100
abruzzo;2261;1975;2012;tmin;100
abruzzo;1944;1976;2008;tmax;95
abruzzo;1944;1976;2008;tmin;95
abruzzo;1938;1976;2009;tmax;100
abruzzo;1938;1976;2009;tmin;100
abruzzo;2023;1978;2006;tmax;95
abruzzo;2023;1978;2006;tmin;95
abruzzo;102;1980;2014;tmax;85
abruzzo;102;1980;2014;tmin;85
abruzzo;2049;1982;2003;tmax;90
abruzzo;2049;1982;2003;tmin;90
abruzzo;1112;1983;2015;tmax;90
abruzzo;1112;1983;2015;tmin;90
abruzzo;2142;1984;2013;tmax;100
abruzzo;2142;1984;2013;tmin;100
abruzzo;2004;1986;2001;tmax;100
abruzzo;2004;1986;2001;tmin;100
abruzzo;2007;1986;2006;tmax;95
abruzzo;2007;1986;2006;tmin;95
abruzzo;2037;1986;2006;tmax;100
abruzzo;2037;1986;2006;tmin;100
abruzzo;1946;1986;2008;tmax;100
abruzzo;1946;1986;2008;tmin;100
abruzzo;1957;1986;2010;tmax;80
abruzzo;1957;1986;2010;tmin;80
abruzzo;1965;1986;2012;tmax;90
abruzzo;1965;1986;2012;tmin;90
abruzzo;1972;1986;2012;tmax;95
abruzzo;1972;1986;2012;tmin;95
abruzzo;2280;1986;2015;tmax;90
abruzzo;2280;1986;2015;tmin;90
abruzzo;1937;1987;2014;tmax;100
abruzzo;1937;1987;2014;tmin;100
abruzzo;2137;1987;2015;tmax;100
abruzzo;2137;1987;2015;tmin;100
abruzzo;2025;1989;2006;tmax;95
abruzzo;2025;1989;2006;tmin;95
abruzzo;2076;1989;2014;tmax;90
abruzzo;2076;1989;2014;tmin;90
abruzzo;1955;1990;2009;tmax;90
abruzzo;1955;1990;2009;tmin;90
abruzzo;2222;1990;2015;tmax;80
abruzzo;2222;1990;2015;tmin;80
abruzzo;1960;1991;2005;tmax;100
abruzzo;1960;1991;2005;tmin;100
abruzzo;2015;1992;2006;tmax;100
abruzzo;2015;1992;2006;tmin;100
abruzzo;2072;1992;2011;tmax;100
abruzzo;2072;1992;2011;tmin;100
abruzzo;2048;1993;2003;tmax;100
abruzzo;2048;1993;2003;tmin;100
abruzzo;2088;1993;2010;tmax;100
abruzzo;2088;1993;2010;tmin;100
abruzzo;2122;1993;2013;tmax;90
abruzzo;2122;1993;2013;tmin;90
abruzzo;2080;1994;2009;tmax;95
abruzzo;2080;1994;2009;tmin;95
abruzzo;2236;1994;2012;tmax;85
abruzzo;2236;1994;2012;tmin;85
abruzzo;2018;1995;2006;tmax;100
abruzzo;2018;1995;2006;tmin;100
abruzzo;2020;1996;2006;tmax;100
abruzzo;2020;1996;2006;tmin;100
abruzzo;1971;1996;2009;tmax;95
abruzzo;1971;1996;2009;tmin;95
abruzzo;2079;1996;2011;tmax;85
abruzzo;2079;1996;2011;tmin;85
abruzzo;2158;1996;2011;tmax;100
abruzzo;2158;1996;2011;tmin;100
abruzzo;2077;1997;2010;tmax;100
abruzzo;2077;1997;2010;tmin;100
abruzzo;2265;1997;2010;tmax;100
abruzzo;2265;1997;2010;tmin;100
abruzzo;2078;1997;2013;tmax;100
abruzzo;2078;1997;2013;tmin;100
abruzzo;1338;1998;2009;tmax;95
abruzzo;1338;1998;2009;tmin;95
abruzzo;1995;1998;2010;tmax;100
abruzzo;1995;1998;2010;tmin;100
abruzzo;2204;1998;2011;tmax;100
abruzzo;2204;1998;2011;tmin;100
abruzzo;1137;1998;2012;tmax;100
abruzzo;1137;1998;2012;tmin;100
abruzzo;1808;1998;2014;tmax;100
abruzzo;1808;1998;2014;tmin;100
abruzzo;2038;1998;2014;tmax;100
abruzzo;2038;1998;2014;tmin;100
abruzzo;2082;1998;2014;tmax;95
abruzzo;2082;1998;2014;tmin;95
abruzzo;2094;1998;2015;tmax;95
abruzzo;2094;1998;2015;tmin;95
abruzzo;2203;1998;2015;tmax;85
abruzzo;2203;1998;2015;tmin;85
abruzzo;1963;1999;2009;tmax;100
abruzzo;1963;1999;2009;tmin;100
abruzzo;2145;1999;2011;tmax;95
abruzzo;1964;1999;2012;tmax;90
abruzzo;1964;1999;2012;tmin;90
abruzzo;2184;1999;2013;tmax;95
abruzzo;2184;1999;2013;tmin;95
abruzzo;2276;1999;2014;tmax;80
abruzzo;2276;1999;2014;tmin;80
abruzzo;2145;1999;2015;tmin;80
abruzzo;2260;2000;2009;tmax;100
abruzzo;2260;2000;2009;tmin;100
abruzzo;2255;2000;2010;tmax;100
abruzzo;2255;2000;2010;tmin;100
abruzzo;1959;2000;2011;tmax;100
abruzzo;1959;2000;2011;tmin;100
abruzzo;2263;2000;2015;tmax;95
abruzzo;2263;2000;2015;tmin;95
abruzzo;2267;2000;2015;tmax;80
abruzzo;2267;2000;2015;tmin;80
abruzzo;1939;2001;2010;tmax;100
abruzzo;1939;2001;2010;tmin;100
abruzzo;1967;2001;2010;tmax;100
abruzzo;1967;2001;2010;tmin;100
abruzzo;2281;2001;2010;tmax;100
abruzzo;2281;2001;2010;tmin;100
abruzzo;2084;2001;2011;tmax;95
abruzzo;2084;2001;2011;tmin;95
abruzzo;2112;2001;2012;tmax;100
abruzzo;2112;2001;2012;tmin;100
abruzzo;2045;2001;2014;tmax;90
abruzzo;2045;2001;2014;tmin;90
abruzzo;2089;2001;2015;tmax;95
abruzzo;2089;2001;2015;tmin;95
abruzzo;1961;2002;2015;tmax;100
abruzzo;1961;2002;2015;tmin;100
aeronautica;6695;1961;1994;tmax;95
aeronautica;6695;1961;1994;tmin;95
aeronautica;6710;1961;2006;tmax;95
aeronautica;6710;1961;2006;tmin;95
aeronautica;6766;1961;2006;tmax;95
aeronautica;6766;1961;2006;tmin;95
aeronautica;6814;1961;2006;tmax;95
aeronautica;6814;1961;2006;tmin;95
aeronautica;6849;1961;2006;tmax;90
aeronautica;6849;1961;2006;tmin;90
aeronautica;6726;1961;2007;tmax;95
aeronautica;6726;1961;2007;tmin;95
aeronautica;6749;1961;2007;tmax;80
aeronautica;6749;1961;2007;tmin;80
aeronautica;6834;1961;2008;tmax;100
aeronautica;6834;1961;2008;tmin;100
aeronautica;6694;1961;2013;tmax;90
aeronautica;6694;1961;2013;tmin;90
aeronautica;6721;1961;2013;tmax;100
aeronautica;6721;1961;2013;tmin;100
aeronautica;6800;1961;2014;tmax;95
aeronautica;6800;1961;2014;tmin;95
aeronautica;6686;1961;2015;tmax;90
aeronautica;6686;1961;2015;tmin;90
aeronautica;6691;1961;2015;tmax;95
aeronautica;6691;1961;2015;tmin;95
aeronautica;6692;1961;2015;tmax;95
aeronautica;6692;1961;2015;tmin;95
aeronautica;6697;1961;2015;tmax;90
aeronautica;6697;1961;2015;tmin;90
aeronautica;6709;1961;2015;tmax;95
aeronautica;6709;1961;2015;tmin;95
aeronautica;6720;1961;2015;tmax;95
aeronautica;6720;1961;2015;tmin;95
aeronautica;6723;1961;2015;tmax;95
aeronautica;6723;1961;2015;tmin;95
aeronautica;6729;1961;2015;tmax;95
aeronautica;6729;1961;2015;tmin;95
aeronautica;6730;1961;2015;tmax;95
aeronautica;6730;1961;2015;tmin;95
aeronautica;6758;1961;2015;tmax;95
aeronautica;6758;1961;2015;tmin;95
aeronautica;6769;1961;2015;tmax;95
aeronautica;6769;1961;2015;tmin;95
aeronautica;6773;1961;2015;tmax;100
aeronautica;6773;1961;2015;tmin;100
aeronautica;6779;1961;2015;tmax;95
aeronautica;6779;1961;2015;tmin;95
aeronautica;6782;1961;2015;tmax;95
aeronautica;6782;1961;2015;tmin;95
aeronautica;6794;1961;2015;tmax;100
aeronautica;6794;1961;2015;tmin;100
aeronautica;6797;1961;2015;tmax;85
aeronautica;6797;1961;2015;tmin;85
aeronautica;6803;1961;2015;tmax;90
aeronautica;6803;1961;2015;tmin;90
aeronautica;6812;1961;2015;tmax;95
aeronautica;6812;1961;2015;tmin;95
aeronautica;6817;1961;2015;tmax;95
aeronautica;6817;1961;2015;tmin;95
aeronautica;6820;1961;2015;tmax;100
aeronautica;6820;1961;2015;tmin;100
aeronautica;6821;1961;2015;tmax;100
aeronautica;6821;1961;2015;tmin;100
aeronautica;6822;1961;2015;tmax;100
aeronautica;6822;1961;2015;tmin;100
aeronautica;6826;1961;2015;tmax;100
aeronautica;6826;1961;2015;tmin;100
aeronautica;6836;1961;2015;tmax;95
aeronautica;6836;1961;2015;tmin;95
aeronautica;6841;1961;2015;tmax;95
aeronautica;6841;1961;2015;tmin;95
aeronautica;6850;1961;2015;tmax;95
aeronautica;6850;1961;2015;tmin;95
aeronautica;6851;1961;2015;tmax;100
aeronautica;6851;1961;2015;tmin;100
aeronautica;6853;1961;2015;tmax;90
aeronautica;6853;1961;2015;tmin;90
aeronautica;6856;1961;2015;tmax;100
aeronautica;6856;1961;2015;tmin;100
aeronautica;6859;1961;2015;tmax;95
aeronautica;6859;1961;2015;tmin;95
aeronautica;6869;1961;2015;tmax;100
aeronautica;6869;1961;2015;tmin;100
aeronautica;6874;1961;2015;tmax;95
aeronautica;6874;1961;2015;tmin;95
aeronautica;6881;1961;2015;tmax;100
aeronautica;6881;1961;2015;tmin;100
aeronautica;6884;1961;2015;tmax;90
aeronautica;6884;1961;2015;tmin;90
aeronautica;6897;1961;2015;tmax;95
aeronautica;6897;1961;2015;tmin;95
aeronautica;6901;1961;2015;tmax;95
aeronautica;6901;1961;2015;tmin;95
aeronautica;6922;1961;2015;tmax;95
aeronautica;6922;1961;2015;tmin;95
aeronautica;6923;1961;2015;tmax;95
aeronautica;6923;1961;2015;tmin;95
aeronautica;6776;1962;2015;tmax;95
aeronautica;6776;1962;2015;tmin;90
aeronautica;6828;1962;2015;tmax;95
aeronautica;6828;1962;2015;tmin;95
aeronautica;6847;1962;2015;tmax;80
aeronautica;6847;1962;2015;tmin;80
aeronautica;6863;1962;2015;tmax;85
aeronautica;6863;1962;2015;tmin;85
aeronautica;6865;1962;2015;tmax;95
aeronautica;6865;1962;2015;tmin;95
aeronautica;6883;1962;2015;tmax;100
aeronautica;6883;1962;2015;tmin;100
aeronautica;6919;1962;2015;tmax;95
aeronautica;6919;1962;2015;tmin;95
aeronautica;6914;1963;2013;tmax;80
aeronautica;6914;1963;2013;tmin;80
aeronautica;6693;1963;2015;tmax;100
aeronautica;6693;1963;2015;tmin;100
aeronautica;6771;1964;2015;tmax;95
aeronautica;6771;1964;2015;tmin;95
aeronautica;6827;1964;2015;tmax;100
aeronautica;6827;1964;2015;tmin;100
aeronautica;6891;1964;2015;tmax;90
aeronautica;6891;1964;2015;tmin;90
aeronautica;6786;1965;1977;tmax;90
aeronautica;6786;1965;1977;tmin;90
aeronautica;6793;1965;2004;tmax;85
aeronautica;6793;1965;2004;tmin;85
aeronautica;6707;1965;2015;tmax;95
aeronautica;6707;1965;2015;tmin;95
aeronautica;6718;1965;2015;tmax;95
aeronautica;6718;1965;2015;tmin;95
aeronautica;6733;1965;2015;tmax;95
aeronautica;6733;1965;2015;tmin;95
aeronautica;6763;1965;2015;tmax;85
aeronautica;6763;1965;2015;tmin;85
aeronautica;6777;1965;2015;tmax;95
aeronautica;6777;1965;2015;tmin;95
aeronautica;6867;1965;2015;tmax;95
aeronautica;6867;1965;2015;tmin;95
aeronautica;6876;1965;2015;tmax;95
aeronautica;6876;1965;2015;tmin;95
aeronautica;6893;1965;2015;tmax;95
aeronautica;6893;1965;2015;tmin;95
aeronautica;6699;1966;1977;tmax;90
aeronautica;6699;1966;1977;tmin;90
aeronautica;6690;1966;2015;tmax;90
aeronautica;6690;1966;2015;tmin;90
aeronautica;6703;1966;2015;tmax;80
aeronautica;6703;1966;2015;tmin;85
aeronautica;6711;1966;2015;tmax;95
aeronautica;6711;1966;2015;tmin;95
aeronautica;6736;1966;2015;tmax;95
aeronautica;6736;1966;2015;tmin;95
aeronautica;6810;1966;2015;tmax;95
aeronautica;6810;1966;2015;tmin;95
aeronautica;6819;1966;2015;tmax;95
aeronautica;6819;1966;2015;tmin;95
aeronautica;6839;1966;2015;tmax;95
aeronautica;6839;1966;2015;tmin;95
aeronautica;6889;1966;2015;tmax;90
aeronautica;6889;1966;2015;tmin;90
aeronautica;6906;1966;2015;tmax;95
aeronautica;6906;1966;2015;tmin;95
aeronautica;6844;1967;2012;tmax;95
aeronautica;6844;1967;2012;tmin;95
aeronautica;6902;1967;2015;tmax;95
aeronautica;6902;1967;2015;tmin;90
aeronautica;6784;1968;2015;tmax;95
aeronautica;6784;1968;2015;tmin;95
aeronautica;6858;1968;2015;tmax;100
aeronautica;6858;1968;2015;tmin;100
aeronautica;6700;1969;2014;tmax;80
aeronautica;6700;1969;2014;tmin;80
aeronautica;6768;1969;2015;tmax;90
aeronautica;6768;1969;2015;tmin;85
aeronautica;6910;1970;2015;tmax;80
aeronautica;6910;1970;2015;tmin;80
aeronautica;6750;1971;2006;tmax;90
aeronautica;6750;1971;2006;tmin;90
aeronautica;6717;1973;2015;tmax;100
aeronautica;6717;1973;2015;tmin;100
aeronautica;6735;1973;2015;tmax;100
aeronautica;6735;1973;2015;tmin;100
aeronautica;6787;1973;2015;tmax;100
aeronautica;6787;1973;2015;tmin;100
aeronautica;6857;1973;2015;tmax;80
aeronautica;6857;1973;2015;tmin;80
aeronautica;6882;1973;2015;tmax;80
aeronautica;6882;1973;2015;tmin;80
aeronautica;6741;1975;1985;tmax;100
aeronautica;6741;1975;1985;tmin;100
aeronautica;6715;1975;1996;tmax;95
aeronautica;6715;1975;1996;tmin;95
aeronautica;6747;1975;2015;tmax;100
aeronautica;6747;1975;2015;tmin;100
aeronautica;6870;1979;2015;tmax;95
aeronautica;6870;1979;2015;tmin;95
aeronautica;6892;1984;2003;tmax;100
aeronautica;6892;1984;2003;tmin;100
aeronautica;6845;1988;2004;tmax;100
aeronautica;6845;1988;2004;tmin;100
aeronautica;6696;1996;2014;tmax;80
aeronautica;6696;1996;2014;tmin;80
aeronautica;6687;1999;2015;tmax;100
aeronautica;6687;1999;2015;tmin;100
aeronautica;6829;2005;2015;tmax;100
aeronautica;6829;2005;2015;tmin;100
aeronautica;6830;2005;2015;tmax;100
aeronautica;6830;2005;2015;tmin;100
aeronautica;6831;2005;2015;tmax;100
aeronautica;6831;2005;2015;tmin;100
aosta;105;1970;2015;tmax;100
aosta;105;1970;2015;tmin;100
aosta;106;1971;2015;tmax;95
aosta;106;1971;2015;tmin;95
aosta;98;1974;2015;tmax;100
aosta;98;1974;2015;tmin;100
aosta;104;1980;2015;tmax;100
aosta;104;1980;2015;tmin;100
aosta;31;1980;2015;tmax;100
aosta;31;1980;2015;tmin;100
aosta;20;1995;2015;tmax;95
aosta;20;1995;2015;tmin;95
aosta;47;1995;2015;tmax;95
aosta;47;1995;2015;tmin;95
aosta;33;1999;2015;tmax;95
aosta;33;1999;2015;tmin;95
aosta;37;2001;2015;tmax;100
aosta;37;2001;2015;tmin;100
aosta;39;2002;2013;tmax;100
aosta;39;2002;2013;tmin;100
aosta;13;2002;2015;tmax;100
aosta;13;2002;2015;tmin;100
aosta;15;2002;2015;tmax;100
aosta;15;2002;2015;tmin;100
aosta;16;2002;2015;tmax;100
aosta;16;2002;2015;tmin;100
aosta;18;2002;2015;tmax;100
aosta;18;2002;2015;tmin;100
aosta;26;2002;2015;tmax;100
aosta;26;2002;2015;tmin;100
aosta;35;2002;2015;tmax;100
aosta;35;2002;2015;tmin;100
aosta;41;2002;2015;tmax;100
aosta;41;2002;2015;tmin;100
aosta;42;2002;2015;tmax;95
aosta;42;2002;2015;tmin;95
aosta;57;2002;2015;tmax;100
aosta;57;2002;2015;tmin;100
aosta;58;2002;2015;tmax;100
aosta;58;2002;2015;tmin;100
aosta;32;2003;2013;tmax;100
aosta;32;2003;2013;tmin;100
aosta;10;2003;2015;tmax;100
aosta;10;2003;2015;tmin;100
aosta;19;2003;2015;tmax;100
aosta;19;2003;2015;tmin;100
aosta;21;2003;2015;tmax;100
aosta;21;2003;2015;tmin;100
aosta;27;2003;2015;tmax;100
aosta;27;2003;2015;tmin;100
aosta;29;2003;2015;tmax;100
aosta;29;2003;2015;tmin;100
aosta;34;2003;2015;tmax;100
aosta;34;2003;2015;tmin;100
aosta;44;2003;2015;tmax;100
aosta;44;2003;2015;tmin;100
aosta;5;2003;2015;tmax;90
aosta;5;2003;2015;tmin;90
aosta;50;2003;2015;tmax;100
aosta;50;2003;2015;tmin;100
aosta;54;2003;2015;tmax;100
aosta;54;2003;2015;tmin;100
aosta;9;2003;2015;tmax;95
aosta;9;2003;2015;tmin;95
aosta;22;2004;2015;tmax;100
aosta;22;2004;2015;tmin;100
aosta;4;2004;2015;tmax;100
aosta;4;2004;2015;tmin;100
aosta;63;2004;2015;tmax;100
aosta;63;2004;2015;tmin;100
aosta;64;2004;2015;tmax;100
aosta;64;2004;2015;tmin;100
aosta;62;2006;2015;tmax;100
aosta;62;2006;2015;tmin;100
basilicata;161;1961;1976;tmax;90
basilicata;161;1961;1976;tmin;90
basilicata;162;1961;1976;tmax;100
basilicata;162;1961;1976;tmin;100
basilicata;204;1961;1979;tmax;85
basilicata;204;1961;1979;tmin;85
basilicata;156;1961;1981;tmax;100
basilicata;156;1961;1981;tmin;100
basilicata;177;1961;1986;tmax;95
basilicata;177;1961;1986;tmin;95
basilicata;169;1961;2000;tmax;80
basilicata;169;1961;2000;tmin;80
basilicata;48;1961;2014;tmin;95
basilicata;48;1961;2015;tmax;95
basilicata;147;1965;2005;tmax;90
basilicata;147;1965;2005;tmin;90
basilicata;144;1985;2006;tmax;85
basilicata;144;1985;2006;tmin;85
basilicata;195;1992;2005;tmax;100
basilicata;195;1992;2005;tmin;100
basilicata;209;1992;2005;tmax;100
basilicata;209;1992;2005;tmin;100
basilicata;41;1992;2012;tmax;100
basilicata;44;1992;2012;tmax;100
basilicata;41;1992;2013;tmin;100
basilicata;44;1992;2013;tmin;100
basilicata;2;1997;2012;tmax;85
basilicata;2;1997;2013;tmin;85
basilicata;15;2000;2012;tmax;95
basilicata;15;2000;2013;tmin;95
basilicata;11;2001;2012;tmax;95
basilicata;12;2001;2012;tmax;90
basilicata;39;2001;2012;tmax;95
basilicata;43;2001;2012;tmax;95
basilicata;6;2001;2012;tmax;90
basilicata;9;2001;2012;tmax;95
basilicata;11;2001;2013;tmin;95
basilicata;12;2001;2013;tmin;90
basilicata;39;2001;2013;tmin;95
basilicata;43;2001;2013;tmin;95
basilicata;6;2001;2013;tmin;90
basilicata;9;2001;2013;tmin;95
basilicata;17;2002;2012;tmax;100
basilicata;17;2002;2013;tmin;100
basilicata;21;2003;2012;tmax;100
basilicata;21;2003;2013;tmin;100
bolzano;72;1961;1997;tmax;100
bolzano;72;1961;1997;tmin;100
bolzano;134;1961;1998;tmax;95
bolzano;134;1961;1998;tmin;95
bolzano;155;1961;1998;tmax;95
bolzano;155;1961;1998;tmin;95
bolzano;4;1961;1998;tmax;95
bolzano;4;1961;1998;tmin;95
bolzano;68;1961;1998;tmax;90
bolzano;68;1961;1998;tmin;90
bolzano;7;1961;1998;tmax;90
bolzano;7;1961;1998;tmin;90
bolzano;96;1961;1998;tmax;95
bolzano;96;1961;1998;tmin;95
bolzano;107;1961;2015;tmax;100
bolzano;107;1961;2015;tmin;100
bolzano;176;1961;2015;tmax;95
bolzano;176;1961;2015;tmin;95
bolzano;18;1961;2015;tmax;85
bolzano;18;1961;2015;tmin;85
bolzano;203;1961;2015;tmax;95
bolzano;203;1961;2015;tmin;95
bolzano;223;1961;2015;tmax;100
bolzano;223;1961;2015;tmin;100
bolzano;39;1961;2015;tmax;95
bolzano;39;1961;2015;tmin;95
bolzano;77;1961;2015;tmax;100
bolzano;77;1961;2015;tmin;100
bolzano;94;1961;2015;tmax;90
bolzano;94;1961;2015;tmin;90
bolzano;136;1963;1998;tmax;90
bolzano;136;1963;1998;tmin;90
bolzano;212;1963;1998;tmax;90
bolzano;212;1963;1998;tmin;90
bolzano;83;1965;2015;tmax;95
bolzano;83;1965;2015;tmin;95
bolzano;80;1967;1995;tmax;100
bolzano;80;1967;1995;tmin;100
bolzano;102;1967;2015;tmax;100
bolzano;102;1967;2015;tmin;100
bolzano;28;1967;2015;tmax;95
bolzano;28;1967;2015;tmin;95
bolzano;5;1967;2015;tmax;100
bolzano;5;1967;2015;tmin;100
bolzano;43;1971;1998;tmax;90
bolzano;43;1971;1998;tmin;90
bolzano;60;1972;1998;tmax;100
bolzano;60;1972;1998;tmin;100
bolzano;104;1973;1998;tmax;90
bolzano;104;1973;1998;tmin;90
bolzano;120;1973;1998;tmax;100
bolzano;120;1973;1998;tmin;100
bolzano;93;1973;1998;tmax;100
bolzano;93;1973;1998;tmin;100
bolzano;23;1973;2015;tmax;100
bolzano;23;1973;2015;tmin;100
bolzano;30;1973;2015;tmax;95
bolzano;30;1973;2015;tmin;95
bolzano;79;1973;2015;tmax;100
bolzano;79;1973;2015;tmin;100
bolzano;177;1976;1998;tmax;95
bolzano;177;1976;1998;tmin;95
bolzano;153;1977;1998;tmax;95
bolzano;153;1977;1998;tmin;95
bolzano;154;1977;1998;tmax;100
bolzano;154;1977;1998;tmin;100
bolzano;162;1977;1998;tmax;100
bolzano;162;1977;1998;tmin;100
bolzano;165;1977;1998;tmax;100
bolzano;165;1977;1998;tmin;100
bolzano;209;1977;1998;tmax;100
bolzano;209;1977;1998;tmin;100
bolzano;218;1977;1998;tmax;90
bolzano;218;1977;1998;tmin;90
bolzano;219;1977;1998;tmax;100
bolzano;219;1977;1998;tmin;100
bolzano;84;1977;1998;tmax;95
bolzano;84;1977;1998;tmin;95
bolzano;99;1977;1998;tmax;85
bolzano;99;1977;1998;tmin;85
bolzano;150;1977;2015;tmax;100
bolzano;150;1977;2015;tmin;100
bolzano;197;1977;2015;tmax;100
bolzano;197;1977;2015;tmin;100
bolzano;170;1978;1998;tmax;85
bolzano;170;1978;1998;tmin;85
bolzano;200;1978;1998;tmax;100
bolzano;200;1978;1998;tmin;100
bolzano;206;1978;2015;tmax;95
bolzano;206;1978;2015;tmin;95
bolzano;199;1979;1998;tmax;100
bolzano;199;1979;1998;tmin;100
bolzano;44;1979;1998;tmax;95
bolzano;44;1979;1998;tmin;95
bolzano;6;1979;1998;tmax;80
bolzano;6;1979;1998;tmin;80
bolzano;110;1979;2015;tmax;95
bolzano;110;1979;2015;tmin;95
bolzano;58;1979;2015;tmax;100
bolzano;58;1979;2015;tmin;100
bolzano;168;1980;1998;tmax;100
bolzano;168;1980;1998;tmin;100
bolzano;149;1980;2015;tmax;95
bolzano;149;1980;2015;tmin;95
bolzano;114;1981;1998;tmax;100
bolzano;114;1981;1998;tmin;100
bolzano;52;1981;1998;tmax;90
bolzano;52;1981;1998;tmin;90
bolzano;126;1982;1998;tmax;90
bolzano;126;1982;1998;tmin;90
bolzano;191;1982;1998;tmax;95
bolzano;191;1982;1998;tmin;95
bolzano;14;1983;1998;tmax;100
bolzano;14;1983;1998;tmin;100
bolzano;211;1983;2015;tmax;100
bolzano;211;1983;2015;tmin;100
bolzano;49;1983;2015;tmax;100
bolzano;49;1983;2015;tmin;100
bolzano;50;1985;1998;tmax;100
bolzano;50;1985;1998;tmin;100
bolzano;1;1986;1998;tmax;100
bolzano;1;1986;1998;tmin;100
bolzano;47;1986;1998;tmax;100
bolzano;47;1986;1998;tmin;100
bolzano;129;1986;2015;tmax;95
bolzano;129;1986;2015;tmin;95
bolzano;194;1987;1998;tmax;100
bolzano;194;1987;1998;tmin;100
bolzano;89;1987;1998;tmax;100
bolzano;89;1987;1998;tmin;100
bolzano;135;1987;2015;tmax;95
bolzano;135;1987;2015;tmin;95
bolzano;141;1989;1998;tmax;100
bolzano;141;1989;1998;tmin;100
bolzano;189;1989;1998;tmax;100
bolzano;189;1989;1998;tmin;100
bolzano;214;1989;1998;tmax;100
bolzano;214;1989;1998;tmin;100
bolzano;166;1991;2015;tmax;95
bolzano;166;1991;2015;tmin;95
calabria;13;1961;1970;tmax;100
calabria;13;1961;1970;tmin;100
calabria;326;1961;1972;tmax;100
calabria;326;1961;1972;tmin;100
calabria;216;1961;1976;tmax;95
calabria;216;1961;1976;tmin;95
calabria;253;1961;1979;tmax;90
calabria;253;1961;1979;tmin;90
calabria;36;1961;1991;tmax;85
calabria;36;1961;1991;tmin;85
calabria;92;1961;1992;tmax;90
calabria;92;1961;1992;tmin;90
calabria;73;1961;1993;tmax;85
calabria;73;1961;1993;tmin;85
calabria;52;1961;1995;tmax;85
calabria;52;1961;1995;tmin;85
calabria;331;1961;2000;tmax;90
calabria;331;1961;2000;tmin;90
calabria;224;1961;2002;tmax;80
calabria;224;1961;2002;tmin;80
calabria;344;1961;2003;tmax;85
calabria;344;1961;2003;tmin;85
calabria;295;1961;2006;tmax;80
calabria;295;1961;2006;tmin;80
calabria;108;1961;2015;tmax;90
calabria;108;1961;2015;tmin;90
calabria;140;1961;2015;tmax;95
calabria;140;1961;2015;tmin;95
calabria;15;1961;2015;tmax;80
calabria;15;1961;2015;tmin;80
calabria;164;1961;2015;tmax;85
calabria;164;1961;2015;tmin;85
calabria;18;1961;2015;tmax;90
calabria;18;1961;2015;tmin;90
calabria;2;1961;2015;tmax;90
calabria;2;1961;2015;tmin;90
calabria;233;1961;2015;tmax;85
calabria;233;1961;2015;tmin;85
calabria;26;1961;2015;tmax;90
calabria;26;1961;2015;tmin;90
calabria;265;1961;2015;tmax;90
calabria;265;1961;2015;tmin;90
calabria;290;1961;2015;tmax;80
calabria;290;1961;2015;tmin;80
calabria;380;1961;2015;tmax;90
calabria;380;1961;2015;tmin;90
calabria;163;1962;2015;tmax;80
calabria;163;1962;2015;tmin;80
calabria;130;1963;1972;tmax;100
calabria;130;1963;1972;tmin;100
calabria;367;1965;2013;tmax;80
calabria;367;1965;2013;tmin;80
calabria;353;1985;2003;tmax;80
calabria;353;1985;2003;tmin;80
calabria;317;1985;2015;tmax;95
calabria;317;1985;2015;tmin;95
calabria;338;1985;2015;tmax;95
calabria;338;1985;2015;tmin;95
calabria;17;1988;2015;tmax;90
calabria;17;1988;2015;tmin;90
calabria;10;1989;2015;tmax;95
calabria;10;1989;2015;tmin;95
calabria;157;1989;2015;tmax;100
calabria;157;1989;2015;tmin;100
calabria;177;1989;2015;tmax;100
calabria;177;1989;2015;tmin;100
calabria;217;1989;2015;tmax;90
calabria;217;1989;2015;tmin;90
calabria;246;1989;2015;tmax;100
calabria;246;1989;2015;tmin;100
calabria;255;1989;2015;tmax;95
calabria;255;1989;2015;tmin;95
calabria;28;1989;2015;tmax;85
calabria;28;1989;2015;tmin;85
calabria;284;1989;2015;tmax;90
calabria;284;1989;2015;tmin;90
calabria;327;1989;2015;tmax;100
calabria;327;1989;2015;tmin;100
calabria;34;1989;2015;tmax;95
calabria;34;1989;2015;tmin;95
calabria;345;1989;2015;tmax;95
calabria;345;1989;2015;tmin;95
calabria;376;1989;2015;tmax;85
calabria;376;1989;2015;tmin;85
calabria;7;1989;2015;tmax;95
calabria;7;1989;2015;tmin;95
calabria;71;1989;2015;tmax;95
calabria;71;1989;2015;tmin;95
calabria;85;1989;2015;tmax;100
calabria;85;1989;2015;tmin;100
calabria;1;1990;2015;tmax;80
calabria;1;1990;2015;tmin;80
calabria;74;1991;2002;tmax;95
calabria;74;1991;2002;tmin;95
calabria;20;1991;2015;tmax;95
calabria;20;1991;2015;tmin;95
calabria;192;1993;2004;tmax;90
calabria;192;1993;2004;tmin;90
calabria;211;1993;2004;tmax;100
calabria;211;1993;2004;tmin;100
calabria;14;1993;2015;tmax;95
calabria;14;1993;2015;tmin;95
calabria;184;1993;2015;tmax;95
calabria;184;1993;2015;tmin;95
calabria;186;1993;2015;tmax;95
calabria;186;1993;2015;tmin;95
calabria;194;1993;2015;tmax;95
calabria;194;1993;2015;tmin;95
calabria;202;1993;2015;tmax;95
calabria;202;1993;2015;tmin;95
calabria;208;1993;2015;tmax;80
calabria;208;1993;2015;tmin;80
calabria;213;1993;2015;tmax;95
calabria;213;1993;2015;tmin;95
calabria;215;1993;2015;tmax;100
calabria;215;1993;2015;tmin;100
calabria;220;1993;2015;tmax;90
calabria;220;1993;2015;tmin;90
calabria;286;1993;2015;tmax;95
calabria;286;1993;2015;tmin;95
calabria;107;1998;2015;tmax;100
calabria;107;1998;2015;tmin;100
calabria;111;1998;2015;tmax;95
calabria;111;1998;2015;tmin;95
calabria;121;1998;2015;tmax;95
calabria;121;1998;2015;tmin;95
calabria;156;2000;2015;tmax;100
calabria;156;2000;2015;tmin;100
calabria;196;2000;2015;tmax;95
calabria;196;2000;2015;tmin;95
calabria;239;2000;2015;tmax;100
calabria;239;2000;2015;tmin;100
calabria;60;2000;2015;tmax;100
calabria;60;2000;2015;tmin;100
calabria;95;2000;2015;tmax;100
calabria;95;2000;2015;tmin;100
calabria;21;2001;2010;tmax;100
calabria;21;2001;2010;tmin;100
calabria;146;2001;2015;tmax;100
calabria;146;2001;2015;tmin;100
calabria;162;2001;2015;tmax;100
calabria;162;2001;2015;tmin;100
calabria;167;2001;2015;tmax;95
calabria;167;2001;2015;tmin;95
calabria;19;2001;2015;tmax;100
calabria;19;2001;2015;tmin;100
calabria;299;2001;2015;tmax;100
calabria;299;2001;2015;tmin;100
calabria;84;2001;2015;tmax;95
calabria;84;2001;2015;tmin;95
calabria;118;2002;2015;tmax;100
calabria;118;2002;2015;tmin;100
calabria;133;2002;2015;tmax;95
calabria;133;2002;2015;tmin;95
calabria;226;2002;2015;tmax;100
calabria;226;2002;2015;tmin;100
calabria;281;2002;2015;tmax;100
calabria;281;2002;2015;tmin;100
calabria;303;2002;2015;tmax;100
calabria;303;2002;2015;tmin;100
calabria;330;2002;2015;tmax;90
calabria;330;2002;2015;tmin;90
calabria;337;2002;2015;tmax;100
calabria;337;2002;2015;tmin;100
calabria;343;2002;2015;tmax;100
calabria;343;2002;2015;tmin;100
calabria;359;2002;2015;tmax;95
calabria;359;2002;2015;tmin;95
calabria;372;2002;2015;tmax;100
calabria;372;2002;2015;tmin;100
calabria;373;2002;2015;tmax;95
calabria;373;2002;2015;tmin;95
calabria;51;2002;2015;tmax;100
calabria;51;2002;2015;tmin;100
calabria;294;2003;2015;tmax;100
calabria;294;2003;2015;tmin;100
calabria;181;2005;2015;tmax;100
calabria;181;2005;2015;tmin;100
calabria;206;2005;2015;tmax;100
calabria;206;2005;2015;tmin;100
calabria;240;2005;2015;tmax;100
calabria;240;2005;2015;tmin;100
calabria;244;2005;2015;tmax;100
calabria;244;2005;2015;tmin;100
calabria;266;2005;2015;tmax;100
calabria;266;2005;2015;tmin;100
calabria;296;2005;2015;tmax;95
calabria;296;2005;2015;tmin;95
calabria;324;2005;2015;tmax;100
calabria;324;2005;2015;tmin;100
calabria;339;2005;2015;tmax;100
calabria;339;2005;2015;tmin;100
calabria;250;2006;2015;tmax;100
calabria;250;2006;2015;tmin;100
campania;10;2000;2015;tmax;95
campania;10;2000;2015;tmin;95
campania;11;2000;2015;tmax;100
campania;11;2000;2015;tmin;100
campania;12;2000;2015;tmax;95
campania;12;2000;2015;tmin;95
campania;13;2000;2015;tmax;100
campania;13;2000;2015;tmin;100
campania;15;2000;2015;tmax;100
campania;15;2000;2015;tmin;100
campania;16;2000;2015;tmax;100
campania;16;2000;2015;tmin;100
campania;17;2000;2015;tmax;100
campania;17;2000;2015;tmin;100
campania;22;2000;2015;tmax;95
campania;22;2000;2015;tmin;95
campania;23;2000;2015;tmax;100
campania;23;2000;2015;tmin;100
campania;24;2000;2015;tmax;100
campania;24;2000;2015;tmin;100
campania;35;2000;2015;tmax;100
campania;35;2000;2015;tmin;100
campania;9;2000;2015;tmax;95
campania;9;2000;2015;tmin;95
campania;36;2001;2015;tmax;95
campania;36;2001;2015;tmin;95
campania;37;2001;2015;tmax;100
campania;37;2001;2015;tmin;100
campania;38;2001;2015;tmax;100
campania;38;2001;2015;tmin;100
campania;39;2001;2015;tmax;100
campania;39;2001;2015;tmin;100
campania;41;2001;2015;tmax;100
campania;41;2001;2015;tmin;100
campania;42;2001;2015;tmax;95
campania;42;2001;2015;tmin;95
campania;43;2001;2015;tmax;100
campania;43;2001;2015;tmin;100
campania;44;2001;2015;tmax;100
campania;44;2001;2015;tmin;100
campania;45;2001;2015;tmax;100
campania;45;2001;2015;tmin;100
campania;46;2001;2015;tmax;100
campania;46;2001;2015;tmin;100
campania;47;2001;2015;tmax;100
campania;47;2001;2015;tmin;100
campania;49;2001;2015;tmax;90
campania;49;2001;2015;tmin;90
campania;101;2002;2015;tmax;100
campania;101;2002;2015;tmin;100
campania;102;2002;2015;tmax;100
campania;102;2002;2015;tmin;100
campania;103;2002;2015;tmax;95
campania;103;2002;2015;tmin;95
campania;108;2002;2015;tmax;100
campania;108;2002;2015;tmin;100
campania;110;2002;2015;tmax;100
campania;110;2002;2015;tmin;100
campania;111;2002;2015;tmax;100
campania;111;2002;2015;tmin;100
campania;120;2002;2015;tmax;100
campania;120;2002;2015;tmin;100
campania;121;2002;2015;tmax;100
campania;121;2002;2015;tmin;100
campania;187;2002;2015;tmax;85
campania;187;2002;2015;tmin;85
campania;99;2002;2015;tmax;100
campania;99;2002;2015;tmin;100
campania;100;2003;2015;tmax;100
campania;100;2003;2015;tmin;100
campania;113;2003;2015;tmax;100
campania;113;2003;2015;tmin;100
campania;98;2003;2015;tmax;100
campania;98;2003;2015;tmin;100
campania;95;2004;2015;tmax;100
campania;95;2004;2015;tmin;100
campania;112;2005;2015;tmax;100
campania;112;2005;2015;tmin;100
emilia;9107;1961;1972;tmax;100
emilia;9107;1961;1972;tmin;100
emilia;13099;1961;1975;tmax;85
emilia;13099;1961;1975;tmin;85
emilia;12838;1961;1982;tmax;95
emilia;12838;1961;1982;tmin;95
emilia;9186;1961;1987;tmax;100
emilia;9186;1961;1987;tmin;100
emilia;9292;1961;1987;tmax;80
emilia;9292;1961;1987;tmin;80
emilia;9212;1961;1990;tmax;95
emilia;9212;1961;1990;tmin;95
emilia;9358;1961;1993;tmax;90
emilia;9358;1961;1993;tmin;90
emilia;12674;1961;1994;tmin;100
emilia;12709;1961;1994;tmax;90
emilia;12709;1961;1994;tmin;90
emilia;12714;1961;1998;tmax;90
emilia;12714;1961;1998;tmin;90
emilia;13315;1961;1998;tmax;95
emilia;13315;1961;1998;tmin;95
emilia;9268;1961;1999;tmin;95
emilia;9567;1961;1999;tmax;95
emilia;9567;1961;1999;tmin;95
emilia;9102;1961;2000;tmax;95
emilia;9102;1961;2000;tmin;95
emilia;13337;1961;2002;tmax;100
emilia;13337;1961;2002;tmin;100
emilia;9268;1961;2002;tmax;95
emilia;9575;1961;2002;tmax;95
emilia;9575;1961;2002;tmin;95
emilia;13156;1961;2005;tmax;95
emilia;13156;1961;2005;tmin;95
emilia;12674;1961;2006;tmax;85
emilia;13024;1961;2006;tmax;100
emilia;13024;1961;2006;tmin;100
emilia;13147;1961;2006;tmax;100
emilia;13147;1961;2006;tmin;100
emilia;9120;1961;2006;tmax;100
emilia;9120;1961;2006;tmin;100
emilia;9154;1961;2006;tmax;95
emilia;9154;1961;2006;tmin;95
emilia;13253;1961;2007;tmax;95
emilia;13253;1961;2007;tmin;95
emilia;12897;1961;2008;tmax;100
emilia;12897;1961;2008;tmin;100
emilia;9223;1961;2008;tmax;85
emilia;9223;1961;2008;tmin;85
emilia;9161;1961;2009;tmax;100
emilia;9161;1961;2009;tmin;95
emilia;9384;1961;2009;tmax;95
emilia;9384;1961;2009;tmin;95
emilia;9240;1961;2010;tmax;100
emilia;9240;1961;2010;tmin;100
emilia;9049;1961;2012;tmax;95
emilia;9049;1961;2012;tmin;95
emilia;9227;1961;2012;tmax;90
emilia;9227;1961;2012;tmin;90
emilia;9405;1961;2012;tmax;95
emilia;9405;1961;2012;tmin;95
emilia;9592;1961;2012;tmax;95
emilia;9592;1961;2012;tmin;95
emilia;9058;1961;2013;tmax;95
emilia;9058;1961;2013;tmin;95
emilia;9121;1961;2013;tmax;95
emilia;9121;1961;2013;tmin;95
emilia;9162;1961;2013;tmax;100
emilia;9162;1961;2013;tmin;100
emilia;9248;1961;2013;tmax;100
emilia;9248;1961;2013;tmin;100
emilia;9273;1961;2013;tmax;100
emilia;9273;1961;2013;tmin;100
emilia;9331;1961;2013;tmax;95
emilia;9331;1961;2013;tmin;95
emilia;9589;1961;2013;tmax;95
emilia;9589;1961;2013;tmin;95
emilia;9127;1961;2014;tmax;90
emilia;9127;1961;2014;tmin;90
emilia;9206;1961;2014;tmax;95
emilia;9206;1961;2014;tmin;95
emilia;9312;1961;2014;tmax;100
emilia;9312;1961;2014;tmin;100
emilia;9566;1961;2014;tmax;100
emilia;9566;1961;2014;tmin;100
emilia;13119;1961;2015;tmax;95
emilia;13119;1961;2015;tmin;95
emilia;9013;1961;2015;tmax;100
emilia;9013;1961;2015;tmin;100
emilia;9036;1961;2015;tmax;100
emilia;9036;1961;2015;tmin;100
emilia;9045;1961;2015;tmax;100
emilia;9045;1961;2015;tmin;100
emilia;9146;1961;2015;tmax;100
emilia;9146;1961;2015;tmin;100
emilia;9177;1961;2015;tmax;85
emilia;9177;1961;2015;tmin;85
emilia;9200;1961;2015;tmax;100
emilia;9200;1961;2015;tmin;100
emilia;9225;1961;2015;tmax;100
emilia;9225;1961;2015;tmin;100
emilia;9277;1961;2015;tmax;95
emilia;9277;1961;2015;tmin;95
emilia;9284;1961;2015;tmax;95
emilia;9284;1961;2015;tmin;95
emilia;9371;1961;2015;tmax;95
emilia;9371;1961;2015;tmin;95
emilia;9387;1961;2015;tmax;100
emilia;9387;1961;2015;tmin;100
emilia;9577;1961;2015;tmax;95
emilia;9588;1961;2015;tmax;95
emilia;9588;1961;2015;tmin;95
emilia;13302;1962;1985;tmax;95
emilia;13302;1962;1985;tmin;95
emilia;12652;1962;2015;tmax;95
emilia;12652;1962;2015;tmin;95
emilia;9075;1962;2015;tmax;95
emilia;9075;1962;2015;tmin;95
emilia;9579;1963;2011;tmax;90
emilia;9579;1963;2011;tmin;90
emilia;9243;1963;2015;tmax;85
emilia;9243;1963;2015;tmin;85
emilia;9547;1964;2008;tmax;85
emilia;9547;1964;2008;tmin;85
emilia;13051;1965;1997;tmax;95
emilia;13051;1965;1997;tmin;95
emilia;12748;1966;2002;tmin;95
emilia;12748;1966;2003;tmax;95
emilia;9210;1966;2015;tmax;95
emilia;9210;1966;2015;tmin;95
emilia;9314;1966;2015;tmax;90
emilia;9314;1966;2015;tmin;80
emilia;9572;1967;2008;tmax;85
emilia;9572;1967;2008;tmin;85
emilia;9139;1967;2015;tmax;90
emilia;9139;1967;2015;tmin;90
emilia;12682;1968;1977;tmax;100
emilia;12682;1968;1977;tmin;100
emilia;12893;1968;2009;tmax;95
emilia;12893;1968;2009;tmin;95
emilia;9220;1968;2015;tmax;80
emilia;9220;1968;2015;tmin;80
emilia;9385;1971;2011;tmax;95
emilia;9385;1971;2011;tmin;95
emilia;9263;1972;2015;tmax;95
emilia;9263;1972;2015;tmin;95
emilia;12808;1981;2002;tmax;95
emilia;12808;1981;2002;tmin;95
emilia;9381;1985;2014;tmax;80
emilia;9381;1985;2014;tmin;80
emilia;12820;1985;2015;tmax;85
emilia;12820;1985;2015;tmin;85
emilia;9134;1985;2015;tmax;90
emilia;9134;1985;2015;tmin;90
emilia;13270;1987;2002;tmax;100
emilia;13270;1987;2002;tmin;100
emilia;9600;1987;2002;tmax;100
emilia;9600;1987;2002;tmin;90
emilia;9601;1987;2002;tmax;100
emilia;9601;1987;2002;tmin;100
emilia;9603;1987;2002;tmax;100
emilia;9603;1987;2002;tmin;100
emilia;9279;1987;2003;tmax;100
emilia;9279;1987;2003;tmin;100
emilia;9319;1987;2004;tmax;95
emilia;9319;1987;2004;tmin;95
emilia;9130;1987;2006;tmax;80
emilia;9130;1987;2006;tmin;80
emilia;9369;1987;2007;tmax;85
emilia;9369;1987;2007;tmin;80
emilia;9054;1987;2009;tmax;95
emilia;9217;1987;2014;tmax;95
emilia;9217;1987;2014;tmin;95
emilia;9060;1988;2000;tmax;95
emilia;9060;1988;2000;tmin;95
emilia;9236;1989;2010;tmax;100
emilia;9236;1989;2010;tmin;100
emilia;9192;1991;2015;tmax;90
emilia;9192;1991;2015;tmin;90
emilia;12725;1993;2002;tmax;100
emilia;12725;1993;2002;tmin;100
emilia;9272;1993;2010;tmax;100
emilia;9272;1993;2010;tmin;100
emilia;12740;1994;2014;tmax;100
emilia;12740;1994;2014;tmin;100
emilia;12955;1994;2014;tmax;95
emilia;12955;1994;2014;tmin;95
emilia;9072;1994;2014;tmax;100
emilia;9072;1994;2014;tmin;100
emilia;9196;1994;2014;tmax;95
emilia;9196;1994;2014;tmin;95
emilia;9191;1994;2015;tmax;100
emilia;9191;1994;2015;tmin;100
emilia;9023;1995;2014;tmax;100
emilia;9023;1995;2014;tmin;100
emilia;9564;1997;2015;tmax;80
emilia;12911;2000;2015;tmax;80
emilia;12911;2000;2015;tmin;80
emilia;9295;2000;2015;tmax;100
emilia;9295;2000;2015;tmin;100
emilia;9016;2001;2014;tmax;100
emilia;9016;2001;2014;tmin;100
emilia;9062;2001;2014;tmax;100
emilia;9062;2001;2014;tmin;100
emilia;9167;2001;2014;tmax;100
emilia;9167;2001;2014;tmin;100
emilia;9354;2001;2014;tmax;100
emilia;9354;2001;2014;tmin;100
emilia;12653;2001;2015;tmax;100
emilia;12653;2001;2015;tmin;100
emilia;9030;2001;2015;tmax;100
emilia;9030;2001;2015;tmin;100
emilia;9096;2001;2015;tmax;95
emilia;9096;2001;2015;tmin;95
emilia;9129;2001;2015;tmax;100
emilia;9129;2001;2015;tmin;100
emilia;9238;2001;2015;tmax;100
emilia;9238;2001;2015;tmin;100
emilia;9258;2001;2015;tmax;100
emilia;9258;2001;2015;tmin;100
emilia;9265;2001;2015;tmax;100
emilia;9265;2001;2015;tmin;100
emilia;9276;2001;2015;tmax;95
emilia;9276;2001;2015;tmin;95
emilia;9294;2001;2015;tmax;100
emilia;9294;2001;2015;tmin;100
emilia;9327;2001;2015;tmax;95
emilia;9327;2001;2015;tmin;95
emilia;9414;2001;2015;tmax;100
emilia;9414;2001;2015;tmin;100
emilia;9040;2002;2014;tmax;100
emilia;9040;2002;2014;tmin;100
emilia;12687;2002;2015;tmax;100
emilia;12687;2002;2015;tmin;100
emilia;9197;2002;2015;tmax;100
emilia;9197;2002;2015;tmin;100
emilia;9254;2002;2015;tmax;100
emilia;9254;2002;2015;tmin;100
emilia;9370;2002;2015;tmax;95
emilia;9370;2002;2015;tmin;95
emilia;9399;2002;2015;tmax;100
emilia;9399;2002;2015;tmin;100
emilia;9011;2003;2014;tmax;100
emilia;9011;2003;2014;tmin;100
emilia;9015;2003;2014;tmax;90
emilia;9015;2003;2014;tmin;90
emilia;9302;2003;2014;tmax;100
emilia;9302;2003;2014;tmin;100
emilia;12645;2003;2015;tmax;100
emilia;12645;2003;2015;tmin;100
emilia;9064;2003;2015;tmax;100
emilia;9064;2003;2015;tmin;100
emilia;9074;2003;2015;tmax;100
emilia;9074;2003;2015;tmin;100
emilia;9076;2003;2015;tmax;100
emilia;9076;2003;2015;tmin;100
emilia;9078;2003;2015;tmax;100
emilia;9078;2003;2015;tmin;100
emilia;9089;2003;2015;tmax;100
emilia;9089;2003;2015;tmin;100
emilia;9094;2003;2015;tmax;100
emilia;9094;2003;2015;tmin;100
emilia;9099;2003;2015;tmax;100
emilia;9099;2003;2015;tmin;100
emilia;9124;2003;2015;tmax;100
emilia;9124;2003;2015;tmin;100
emilia;9138;2003;2015;tmax;90
emilia;9138;2003;2015;tmin;90
emilia;9144;2003;2015;tmax;100
emilia;9144;2003;2015;tmin;100
emilia;9147;2003;2015;tmax;100
emilia;9147;2003;2015;tmin;100
emilia;9166;2003;2015;tmax;100
emilia;9166;2003;2015;tmin;100
emilia;9171;2003;2015;tmax;100
emilia;9171;2003;2015;tmin;100
emilia;9180;2003;2015;tmax;100
emilia;9180;2003;2015;tmin;100
emilia;9194;2003;2015;tmax;100
emilia;9194;2003;2015;tmin;100
emilia;9205;2003;2015;tmax;100
emilia;9205;2003;2015;tmin;100
emilia;9230;2003;2015;tmax;100
emilia;9230;2003;2015;tmin;100
emilia;9251;2003;2015;tmax;100
emilia;9251;2003;2015;tmin;100
emilia;9253;2003;2015;tmax;100
emilia;9253;2003;2015;tmin;100
emilia;9306;2003;2015;tmax;100
emilia;9306;2003;2015;tmin;100
emilia;9315;2003;2015;tmax;100
emilia;9315;2003;2015;tmin;100
emilia;9335;2003;2015;tmax;100
emilia;9335;2003;2015;tmin;100
emilia;9355;2003;2015;tmax;100
emilia;9355;2003;2015;tmin;100
emilia;9362;2003;2015;tmax;100
emilia;9362;2003;2015;tmin;100
emilia;9368;2003;2015;tmax;100
emilia;9368;2003;2015;tmin;100
emilia;9389;2003;2015;tmax;100
emilia;9389;2003;2015;tmin;100
emilia;9391;2003;2015;tmax;100
emilia;9391;2003;2015;tmin;100
emilia;9395;2003;2015;tmax;100
emilia;9395;2003;2015;tmin;100
emilia;9400;2003;2015;tmax;100
emilia;9400;2003;2015;tmin;100
emilia;9402;2003;2015;tmax;100
emilia;9402;2003;2015;tmin;100
emilia;9551;2003;2015;tmax;100
emilia;9551;2003;2015;tmin;100
emilia;9563;2003;2015;tmax;100
emilia;9563;2003;2015;tmin;100
emilia;9591;2003;2015;tmax;100
emilia;9591;2003;2015;tmin;100
emilia;9594;2003;2015;tmax;100
emilia;9594;2003;2015;tmin;100
emilia;9598;2003;2015;tmax;100
emilia;9598;2003;2015;tmin;100
emilia;12892;2004;2014;tmax;95
emilia;12892;2004;2014;tmin;95
emilia;9156;2004;2014;tmax;95
emilia;9156;2004;2014;tmin;95
emilia;9185;2004;2015;tmax;100
emilia;9185;2004;2015;tmin;100
emilia;9353;2004;2015;tmax;95
emilia;9353;2004;2015;tmin;95
emilia;9548;2004;2015;tmax;100
emilia;9548;2004;2015;tmin;100
emilia;9550;2004;2015;tmax;100
emilia;9550;2004;2015;tmin;100
emilia;9336;2005;2015;tmax;95
emilia;9336;2005;2015;tmin;95
emilia;9558;2005;2015;tmax;100
emilia;9558;2005;2015;tmin;100
emilia;9097;2006;2015;tmax;100
emilia;9097;2006;2015;tmin;100
friuli;417;1961;1979;tmax;100
friuli;417;1961;1979;tmin;100
friuli;420;1961;1987;tmax;100
friuli;420;1961;1987;tmin;100
friuli;416;1961;1988;tmax;100
friuli;416;1961;1988;tmin;100
friuli;48;1961;1996;tmax;90
friuli;48;1961;1996;tmin;90
friuli;36;1961;1997;tmax;90
friuli;36;1961;1997;tmin;90
friuli;159;1961;1999;tmax;90
friuli;159;1961;1999;tmin;90
friuli;15;1961;2004;tmax;100
friuli;15;1961;2004;tmin;100
friuli;211;1961;2004;tmax;90
friuli;211;1961;2004;tmin;90
friuli;426;1961;2004;tmax;95
friuli;426;1961;2004;tmin;95
friuli;352;1961;2008;tmax;90
friuli;352;1961;2008;tmin;90
friuli;109;1961;2011;tmax;100
friuli;109;1961;2011;tmin;100
friuli;130;1961;2011;tmax;90
friuli;130;1961;2011;tmin;90
friuli;138;1961;2011;tmax;80
friuli;138;1961;2011;tmin;80
friuli;146;1961;2011;tmax;95
friuli;146;1961;2011;tmin;95
friuli;154;1961;2011;tmax;95
friuli;154;1961;2011;tmin;95
friuli;30;1961;2011;tmax;95
friuli;30;1961;2011;tmin;95
friuli;334;1961;2011;tmax;95
friuli;334;1961;2011;tmin;95
friuli;348;1961;2011;tmax;100
friuli;348;1961;2011;tmin;100
friuli;389;1961;2011;tmax;95
friuli;389;1961;2011;tmin;95
friuli;419;1961;2011;tmax;95
friuli;419;1961;2011;tmin;95
friuli;46;1961;2011;tmax;95
friuli;46;1961;2011;tmin;95
friuli;104;1961;2012;tmax;95
friuli;104;1961;2012;tmin;95
friuli;174;1962;2011;tmax;95
friuli;174;1962;2011;tmin;95
friuli;382;1965;2011;tmax;80
friuli;382;1965;2011;tmin;80
friuli;122;1967;2011;tmax;95
friuli;122;1967;2011;tmin;95
friuli;160;1967;2011;tmax;100
friuli;160;1967;2011;tmin;100
friuli;427;1968;2005;tmax;100
friuli;427;1968;2005;tmin;100
friuli;328;1968;2011;tmax;95
friuli;328;1968;2011;tmin;95
friuli;186;1969;2011;tmax;95
friuli;186;1969;2011;tmin;95
friuli;257;1969;2011;tmax;90
friuli;257;1969;2011;tmin;90
friuli;322;1969;2011;tmax;80
friuli;322;1969;2011;tmin;80
friuli;409;1972;1990;tmax;100
friuli;409;1972;1990;tmin;100
friuli;75;1972;2002;tmax;100
friuli;75;1972;2002;tmin;100
friuli;18;1973;2008;tmax;100
friuli;18;1973;2008;tmin;100
friuli;64;1974;2006;tmax;95
friuli;64;1974;2006;tmin;95
friuli;19;1974;2008;tmax;95
friuli;19;1974;2008;tmin;95
friuli;23;1974;2008;tmax;100
friuli;23;1974;2008;tmin;100
friuli;428;1974;2011;tmax;100
friuli;428;1974;2011;tmin;100
friuli;108;1976;2002;tmax;100
friuli;108;1976;2002;tmin;100
friuli;366;1976;2012;tmax;100
friuli;366;1976;2012;tmin;100
friuli;273;1984;2002;tmax;100
friuli;273;1984;2002;tmin;100
friuli;143;1986;2011;tmax;95
friuli;143;1986;2011;tmin;95
friuli;267;1986;2012;tmax;100
friuli;267;1986;2012;tmin;100
friuli;415;1990;2012;tmax;95
friuli;415;1990;2012;tmin;95
friuli;93;1991;2005;tmax;100
friuli;93;1991;2005;tmin;100
friuli;167;1993;2004;tmax;100
friuli;167;1993;2004;tmin;100
friuli;311;1997;2011;tmax;100
friuli;311;1997;2011;tmin;100
friuli;177;1998;2011;tmax;85
friuli;177;1998;2011;tmin;85
friuli;207;2001;2010;tmax;100
friuli;207;2001;2010;tmin;100
friuli;102;2001;2011;tmax;100
friuli;102;2001;2011;tmin;100
friuli;112;2001;2011;tmax;100
friuli;112;2001;2011;tmin;100
friuli;114;2001;2011;tmax;100
friuli;114;2001;2011;tmin;100
friuli;123;2001;2011;tmax;95
friuli;123;2001;2011;tmin;95
friuli;132;2001;2011;tmax;100
friuli;132;2001;2011;tmin;100
friuli;148;2001;2011;tmax;95
friuli;148;2001;2011;tmin;100
friuli;155;2001;2011;tmax;100
friuli;155;2001;2011;tmin;100
friuli;16;2001;2011;tmax;100
friuli;16;2001;2011;tmin;100
friuli;161;2001;2011;tmax;100
friuli;161;2001;2011;tmin;100
friuli;191;2001;2011;tmax;100
friuli;191;2001;2011;tmin;100
friuli;212;2001;2011;tmax;100
friuli;212;2001;2011;tmin;100
friuli;24;2001;2011;tmax;100
friuli;24;2001;2011;tmin;100
friuli;25;2001;2011;tmax;100
friuli;25;2001;2011;tmin;100
friuli;252;2001;2011;tmax;100
friuli;252;2001;2011;tmin;100
friuli;351;2001;2011;tmax;95
friuli;351;2001;2011;tmin;95
friuli;357;2001;2011;tmax;100
friuli;357;2001;2011;tmin;100
friuli;367;2001;2011;tmax;100
friuli;367;2001;2011;tmin;100
friuli;381;2001;2011;tmax;100
friuli;381;2001;2011;tmin;100
friuli;386;2001;2011;tmax;100
friuli;386;2001;2011;tmin;100
friuli;393;2001;2011;tmax;100
friuli;393;2001;2011;tmin;100
friuli;406;2001;2011;tmax;100
friuli;406;2001;2011;tmin;100
friuli;47;2001;2011;tmax;100
friuli;47;2001;2011;tmin;100
friuli;49;2001;2011;tmax;100
friuli;49;2001;2011;tmin;100
friuli;63;2001;2011;tmax;100
friuli;63;2001;2011;tmin;100
friuli;66;2001;2011;tmax;100
friuli;66;2001;2011;tmin;100
friuli;67;2001;2011;tmax;100
friuli;67;2001;2011;tmin;100
friuli;87;2001;2011;tmax;100
friuli;87;2001;2011;tmin;100
friuli;95;2001;2011;tmax;100
friuli;95;2001;2011;tmin;100
lazio;276;1961;2015;tmax;95
lazio;276;1961;2015;tmin;95
lazio;281;1961;2015;tmax;90
lazio;281;1961;2015;tmin;90
lazio;283;1961;2015;tmax;80
lazio;283;1961;2015;tmin;80
lazio;285;1961;2015;tmax;85
lazio;289;1961;2015;tmax;90
lazio;289;1961;2015;tmin;90
lazio;333;1961;2015;tmax;100
lazio;333;1961;2015;tmin;100
lazio;388;1961;2015;tmax;85
lazio;388;1961;2015;tmin;85
lazio;451;1961;2015;tmax;80
lazio;451;1961;2015;tmin;80
lazio;453;1961;2015;tmax;80
lazio;275;1964;2015;tmax;95
lazio;278;1964;2015;tmax;90
lazio;240;1965;2015;tmax;100
lazio;240;1965;2015;tmin;100
lazio;375;1965;2015;tmax;85
lazio;375;1965;2015;tmin;85
lazio;458;1966;2001;tmax;85
lazio;282;1971;2015;tmax;95
lazio;282;1971;2015;tmin;95
lazio;330;1992;2015;tmax;95
lazio;330;1992;2015;tmin;95
lazio;334;1992;2015;tmax;100
lazio;334;1992;2015;tmin;100
lazio;329;1994;2015;tmax;95
lazio;274;1995;2015;tmax;95
lazio;274;1995;2015;tmin;95
lazio;273;1999;2015;tmax;100
lazio;273;1999;2015;tmin;100
lazio;278;2003;2015;tmin;100
liguria;78;1961;1975;tmax;100
liguria;78;1961;1975;tmin;100
liguria;348;1961;1978;tmax;100
liguria;348;1961;1978;tmin;100
liguria;383;1961;1980;tmax;100
liguria;383;1961;1980;tmin;100
liguria;160;1961;1986;tmax;90
liguria;160;1961;1986;tmin;95
liguria;49;1961;1986;tmax;95
liguria;49;1961;1986;tmin;95
liguria;8;1961;1986;tmax;100
liguria;8;1961;1986;tmin;100
liguria;339;1961;1988;tmax;100
liguria;339;1961;1988;tmin;100
liguria;203;1961;1991;tmax;95
liguria;203;1961;1991;tmin;95
liguria;39;1961;1993;tmax;100
liguria;39;1961;1993;tmin;100
liguria;267;1961;1994;tmax;95
liguria;267;1961;1994;tmin;95
liguria;377;1961;1994;tmax;100
liguria;377;1961;1994;tmin;100
liguria;296;1961;1997;tmax;90
liguria;296;1961;1997;tmin;90
liguria;68;1961;2001;tmax;85
liguria;68;1961;2001;tmin;85
liguria;11;1961;2002;tmax;85
liguria;11;1961;2002;tmin;85
liguria;118;1961;2002;tmax;95
liguria;118;1961;2002;tmin;95
liguria;155;1961;2002;tmax;100
liguria;155;1961;2002;tmin;100
liguria;164;1961;2002;tmax;95
liguria;164;1961;2002;tmin;95
liguria;170;1961;2002;tmax;100
liguria;170;1961;2002;tmin;100
liguria;171;1961;2002;tmax;80
liguria;171;1961;2002;tmin;80
liguria;199;1961;2002;tmax;95
liguria;199;1961;2002;tmin;95
liguria;232;1961;2002;tmax;100
liguria;232;1961;2002;tmin;100
liguria;3;1961;2002;tmax;95
liguria;3;1961;2002;tmin;95
liguria;312;1961;2002;tmax;100
liguria;312;1961;2002;tmin;100
liguria;343;1961;2002;tmax;95
liguria;343;1961;2002;tmin;95
liguria;344;1961;2002;tmax;90
liguria;344;1961;2002;tmin;90
liguria;35;1961;2002;tmax;95
liguria;35;1961;2002;tmin;95
liguria;355;1961;2002;tmax;95
liguria;355;1961;2002;tmin;95
liguria;6;1961;2002;tmax;95
liguria;6;1961;2002;tmin;95
liguria;1;1961;2011;tmax;90
liguria;1;1961;2011;tmin;85
liguria;177;1961;2011;tmax;95
liguria;177;1961;2011;tmin;95
liguria;347;1961;2015;tmax;85
liguria;347;1961;2015;tmin;85
liguria;221;1962;1989;tmax;85
liguria;221;1962;1989;tmin;85
liguria;4;1963;1984;tmax;95
liguria;4;1963;1984;tmin;95
liguria;209;1963;2002;tmax;100
liguria;209;1963;2002;tmin;100
liguria;323;1967;1977;tmax;95
liguria;323;1967;1977;tmin;95
liguria;149;1967;1979;tmax;90
liguria;149;1967;1979;tmin;90
liguria;363;1967;1988;tmax;100
liguria;363;1967;1988;tmin;100
liguria;380;1967;1989;tmax;95
liguria;380;1967;1989;tmin;95
liguria;66;1967;1991;tmax;90
liguria;66;1967;1991;tmin;90
liguria;288;1967;1997;tmax;90
liguria;288;1967;1997;tmin;95
liguria;20;1967;1999;tmax;80
liguria;20;1967;1999;tmin;80
liguria;101;1967;2001;tmax;85
liguria;101;1967;2001;tmin;85
liguria;148;1967;2002;tmax;95
liguria;148;1967;2002;tmin;95
liguria;151;1967;2002;tmax;100
liguria;151;1967;2002;tmin;100
liguria;274;1967;2002;tmax;95
liguria;274;1967;2002;tmin;95
liguria;291;1967;2002;tmax;95
liguria;291;1967;2002;tmin;95
liguria;328;1967;2002;tmax;100
liguria;328;1967;2002;tmin;100
liguria;332;1967;2002;tmax;95
liguria;332;1967;2002;tmin;95
liguria;375;1967;2002;tmax;85
liguria;375;1967;2002;tmin;85
liguria;90;1967;2002;tmax;100
liguria;90;1967;2002;tmin;100
liguria;96;1967;2002;tmax;100
liguria;96;1967;2002;tmin;100
liguria;38;1968;2002;tmax;95
liguria;38;1968;2002;tmin;95
liguria;161;1969;2000;tmax;85
liguria;161;1969;2000;tmin;85
liguria;9;1969;2011;tmax;85
liguria;9;1969;2011;tmin;85
liguria;89;1970;2002;tmax;90
liguria;89;1970;2002;tmin;90
liguria;293;1972;1998;tmax;85
liguria;293;1972;1998;tmin;85
liguria;82;1976;1989;tmax;100
liguria;82;1976;1989;tmin;100
liguria;215;1978;2002;tmax;100
liguria;215;1978;2002;tmin;100
liguria;60;1983;2002;tmax;95
liguria;60;1983;2002;tmin;95
lombardia;6;1961;1972;tmax;100
lombardia;6;1961;1972;tmin;100
lombardia;61;1961;1976;tmax;100
lombardia;61;1961;1976;tmin;100
lombardia;10;1961;1983;tmax;100
lombardia;10;1961;1983;tmin;100
lombardia;282;1961;1988;tmax;95
lombardia;282;1961;1988;tmin;95
lombardia;80;1961;1994;tmax;85
lombardia;80;1961;1994;tmin;85
lombardia;58;1961;1997;tmax;95
lombardia;58;1961;1997;tmin;95
lombardia;103;1961;1999;tmax;95
lombardia;103;1961;1999;tmin;95
lombardia;243;1961;1999;tmax;95
lombardia;243;1961;1999;tmin;95
lombardia;189;1961;2002;tmax;90
lombardia;189;1961;2002;tmin;90
lombardia;156;1961;2003;tmax;95
lombardia;156;1961;2003;tmin;95
lombardia;18;1961;2003;tmax;95
lombardia;18;1961;2003;tmin;95
lombardia;239;1961;2004;tmax;90
lombardia;239;1961;2004;tmin;90
lombardia;133;1961;2005;tmax;95
lombardia;133;1961;2005;tmin;95
lombardia;137;1961;2005;tmax;85
lombardia;137;1961;2005;tmin;85
lombardia;161;1961;2005;tmax;100
lombardia;161;1961;2005;tmin;100
lombardia;247;1961;2005;tmax;95
lombardia;247;1961;2005;tmin;95
lombardia;253;1961;2005;tmax;85
lombardia;253;1961;2005;tmin;95
lombardia;64;1961;2005;tmax;85
lombardia;64;1961;2005;tmin;85
lombardia;32;1961;2007;tmax;95
lombardia;32;1961;2007;tmin;95
lombardia;31;1962;1989;tmax;100
lombardia;31;1962;1989;tmin;100
lombardia;116;1962;1991;tmax;85
lombardia;116;1962;1991;tmin;85
lombardia;15;1964;1995;tmax;80
lombardia;225;1968;2005;tmax;95
lombardia;225;1968;2005;tmin;95
lombardia;169;1987;2001;tmax;90
lombardia;169;1987;2001;tmin;90
lombardia;277;1987;2002;tmax;80
lombardia;277;1987;2002;tmin;80
lombardia;138;1988;2005;tmax;80
lombardia;138;1988;2005;tmin;80
lombardia;9;1990;2007;tmax;80
lombardia;9;1990;2007;tmin;80
marche;29;1961;2001;tmax;95
marche;29;1961;2001;tmin;95
marche;1400;1961;2007;tmax;95
marche;1400;1961;2007;tmin;95
marche;1670;1961;2007;tmax;95
marche;1670;1961;2007;tmin;95
marche;1550;1961;2010;tmax;100
marche;1550;1961;2010;tmin;100
marche;152;1961;2014;tmax;90
marche;152;1961;2014;tmin;90
marche;19;1961;2014;tmax;95
marche;19;1961;2014;tmin;95
marche;104;1961;2015;tmax;100
marche;104;1961;2015;tmin;100
marche;108;1961;2015;tmax;90
marche;108;1961;2015;tmin;90
marche;109;1961;2015;tmax;90
marche;109;1961;2015;tmin;90
marche;110;1961;2015;tmax;95
marche;110;1961;2015;tmin;95
marche;123;1961;2015;tmax;95
marche;123;1961;2015;tmin;95
marche;142;1961;2015;tmax;95
marche;142;1961;2015;tmin;95
marche;25;1961;2015;tmax;95
marche;25;1961;2015;tmin;95
marche;605;1961;2015;tmax;95
marche;605;1961;2015;tmin;95
marche;608;1961;2015;tmax;90
marche;608;1961;2015;tmin;90
marche;609;1961;2015;tmax;90
marche;609;1961;2015;tmin;90
marche;701;1961;2015;tmax;90
marche;701;1961;2015;tmin;90
marche;703;1961;2015;tmax;90
marche;703;1961;2015;tmin;90
marche;702;1963;2015;tmax;90
marche;702;1963;2015;tmin;90
marche;101;1968;2015;tmax;95
marche;101;1968;2015;tmin;95
marche;151;1968;2015;tmax;100
marche;151;1968;2015;tmin;100
marche;616;1996;2015;tmax;95
marche;616;1996;2015;tmin;95
marche;717;2003;2015;tmax;95
marche;717;2003;2015;tmin;95
molise;8;1961;2013;tmax;85
molise;8;1961;2013;tmin;85
molise;2;1961;2014;tmax;95
molise;2;1961;2014;tmin;95
molise;3;1961;2014;tmax;85
molise;3;1961;2014;tmin;85
molise;4;1961;2014;tmax;90
molise;4;1961;2014;tmin;90
molise;6;1961;2014;tmax;95
molise;6;1961;2014;tmin;95
molise;9;1961;2014;tmax;90
molise;9;1961;2014;tmin;90
molise;5;1972;2013;tmax;85
molise;5;1972;2013;tmin;85
piemonte;1;1988;2014;tmax;95
piemonte;1;1988;2014;tmin;95
piemonte;10;1988;2015;tmax;95
piemonte;10;1988;2015;tmin;90
piemonte;3;1988;2015;tmax;95
piemonte;3;1988;2015;tmin;95
piemonte;4;1988;2015;tmax;100
piemonte;4;1988;2015;tmin;100
piemonte;5;1988;2015;tmax;95
piemonte;5;1988;2015;tmin;95
piemonte;6;1988;2015;tmax;100
piemonte;6;1988;2015;tmin;100
piemonte;8;1988;2015;tmax;95
piemonte;8;1988;2015;tmin;95
piemonte;11;1989;2015;tmax;100
piemonte;11;1989;2015;tmin;100
piemonte;13;1989;2015;tmax;95
piemonte;13;1989;2015;tmin;95
piemonte;14;1989;2015;tmax;95
piemonte;14;1989;2015;tmin;95
piemonte;141;1989;2015;tmax;90
piemonte;141;1989;2015;tmin;85
piemonte;15;1989;2015;tmax;95
piemonte;15;1989;2015;tmin;95
piemonte;16;1989;2015;tmax;100
piemonte;16;1989;2015;tmin;100
piemonte;17;1989;2015;tmax;95
piemonte;17;1989;2015;tmin;85
piemonte;18;1989;2015;tmax;95
piemonte;18;1989;2015;tmin;95
piemonte;2;1989;2015;tmax;85
piemonte;2;1989;2015;tmin;80
piemonte;218;1989;2015;tmax;95
piemonte;218;1989;2015;tmin;95
piemonte;22;1989;2015;tmax;95
piemonte;22;1989;2015;tmin;95
piemonte;25;1989;2015;tmax;95
piemonte;25;1989;2015;tmin;95
piemonte;250;1989;2015;tmax;100
piemonte;250;1989;2015;tmin;100
piemonte;258;1989;2015;tmax;100
piemonte;258;1989;2015;tmin;100
piemonte;26;1989;2015;tmax;100
piemonte;26;1989;2015;tmin;100
piemonte;32;1989;2015;tmax;100
piemonte;32;1989;2015;tmin;100
piemonte;34;1989;2015;tmax;100
piemonte;34;1989;2015;tmin;100
piemonte;72;1989;2015;tmax;100
piemonte;72;1989;2015;tmin;100
piemonte;9;1989;2015;tmax;90
piemonte;9;1989;2015;tmin;85
piemonte;12;1990;2015;tmax;100
piemonte;12;1990;2015;tmin;100
piemonte;163;1990;2015;tmax;95
piemonte;163;1990;2015;tmin;95
piemonte;20;1990;2015;tmax;100
piemonte;20;1990;2015;tmin;95
piemonte;23;1990;2015;tmax;95
piemonte;23;1990;2015;tmin;95
piemonte;27;1990;2015;tmax;80
piemonte;27;1990;2015;tmin;80
piemonte;28;1990;2015;tmax;95
piemonte;28;1990;2015;tmin;95
piemonte;29;1990;2015;tmax;100
piemonte;29;1990;2015;tmin;100
piemonte;30;1990;2015;tmax;100
piemonte;30;1990;2015;tmin;100
piemonte;31;1990;2015;tmax;100
piemonte;31;1990;2015;tmin;100
piemonte;35;1990;2015;tmax;95
piemonte;35;1990;2015;tmin;95
piemonte;36;1990;2015;tmax;95
piemonte;36;1990;2015;tmin;95
piemonte;37;1990;2015;tmax;100
piemonte;37;1990;2015;tmin;100
piemonte;38;1990;2015;tmax;100
piemonte;38;1990;2015;tmin;100
piemonte;40;1990;2015;tmax;100
piemonte;40;1990;2015;tmin;100
piemonte;41;1990;2015;tmax;95
piemonte;41;1990;2015;tmin;95
piemonte;42;1990;2015;tmax;100
piemonte;42;1990;2015;tmin;100
piemonte;159;1991;2015;tmax;100
piemonte;159;1991;2015;tmin;100
piemonte;164;1991;2015;tmax;100
piemonte;164;1991;2015;tmin;100
piemonte;24;1991;2015;tmax;90
piemonte;24;1991;2015;tmin;90
piemonte;257;1991;2015;tmax;100
piemonte;257;1991;2015;tmin;100
piemonte;43;1991;2015;tmax;95
piemonte;43;1991;2015;tmin;95
piemonte;44;1991;2015;tmax;100
piemonte;44;1991;2015;tmin;100
piemonte;46;1991;2015;tmax;100
piemonte;46;1991;2015;tmin;100
piemonte;49;1991;2015;tmax;100
piemonte;49;1991;2015;tmin;100
piemonte;75;1991;2015;tmax;100
piemonte;75;1991;2015;tmin;100
piemonte;45;1992;2015;tmax;100
piemonte;45;1992;2015;tmin;100
piemonte;48;1992;2015;tmax;95
piemonte;48;1992;2015;tmin;95
piemonte;50;1992;2015;tmax;95
piemonte;50;1992;2015;tmin;95
piemonte;51;1992;2015;tmax;100
piemonte;51;1992;2015;tmin;100
piemonte;52;1992;2015;tmax;100
piemonte;52;1992;2015;tmin;95
piemonte;53;1992;2015;tmax;100
piemonte;53;1992;2015;tmin;100
piemonte;68;1992;2015;tmax;100
piemonte;68;1992;2015;tmin;100
piemonte;7;1993;2006;tmax;95
piemonte;7;1993;2006;tmin;95
piemonte;102;1994;2015;tmax;95
piemonte;102;1994;2015;tmin;95
piemonte;112;1994;2015;tmax;100
piemonte;112;1994;2015;tmin;100
piemonte;118;1994;2015;tmax;100
piemonte;118;1994;2015;tmin;100
piemonte;121;1994;2015;tmax;95
piemonte;121;1994;2015;tmin;95
piemonte;124;1994;2015;tmax;95
piemonte;124;1994;2015;tmin;95
piemonte;125;1994;2015;tmax;100
piemonte;125;1994;2015;tmin;100
piemonte;129;1994;2015;tmax;95
piemonte;129;1994;2015;tmin;95
piemonte;133;1994;2015;tmax;100
piemonte;133;1994;2015;tmin;100
piemonte;134;1994;2015;tmax;95
piemonte;134;1994;2015;tmin;95
piemonte;143;1994;2015;tmax;100
piemonte;143;1994;2015;tmin;100
piemonte;153;1994;2015;tmax;100
piemonte;153;1994;2015;tmin;100
piemonte;154;1994;2015;tmax;100
piemonte;154;1994;2015;tmin;100
piemonte;156;1994;2015;tmax;100
piemonte;156;1994;2015;tmin;100
piemonte;161;1994;2015;tmax;95
piemonte;161;1994;2015;tmin;95
piemonte;19;1994;2015;tmax;95
piemonte;19;1994;2015;tmin;95
piemonte;55;1994;2015;tmax;100
piemonte;55;1994;2015;tmin;95
piemonte;65;1994;2015;tmax;100
piemonte;65;1994;2015;tmin;100
piemonte;70;1994;2015;tmax;100
piemonte;70;1994;2015;tmin;100
piemonte;71;1994;2015;tmax;100
piemonte;71;1994;2015;tmin;100
piemonte;78;1994;2015;tmax;100
piemonte;78;1994;2015;tmin;100
piemonte;88;1994;2015;tmax;100
piemonte;88;1994;2015;tmin;100
piemonte;93;1994;2015;tmax;95
piemonte;93;1994;2015;tmin;95
piemonte;98;1994;2015;tmax;100
piemonte;98;1994;2015;tmin;100
piemonte;117;1995;2015;tmax;95
piemonte;117;1995;2015;tmin;95
piemonte;33;1996;2009;tmax;95
piemonte;33;1996;2009;tmin;95
piemonte;110;1996;2015;tmax;100
piemonte;110;1996;2015;tmin;100
piemonte;126;1996;2015;tmax;100
piemonte;126;1996;2015;tmin;100
piemonte;151;1996;2015;tmax;100
piemonte;151;1996;2015;tmin;100
piemonte;155;1996;2015;tmax;100
piemonte;155;1996;2015;tmin;100
piemonte;157;1996;2015;tmax;100
piemonte;157;1996;2015;tmin;100
piemonte;158;1996;2015;tmax;95
piemonte;158;1996;2015;tmin;95
piemonte;160;1996;2015;tmax;100
piemonte;160;1996;2015;tmin;100
piemonte;162;1996;2015;tmax;100
piemonte;162;1996;2015;tmin;100
piemonte;165;1996;2015;tmax;100
piemonte;165;1996;2015;tmin;100
piemonte;77;1996;2015;tmax;100
piemonte;77;1996;2015;tmin;100
piemonte;101;1997;2015;tmax;100
piemonte;101;1997;2015;tmin;100
piemonte;116;1997;2015;tmax;100
piemonte;116;1997;2015;tmin;100
piemonte;119;1997;2015;tmax;95
piemonte;119;1997;2015;tmin;95
piemonte;120;1997;2015;tmax;95
piemonte;120;1997;2015;tmin;95
piemonte;138;1997;2015;tmax;100
piemonte;138;1997;2015;tmin;100
piemonte;140;1997;2015;tmax;100
piemonte;140;1997;2015;tmin;100
piemonte;146;1997;2015;tmax;100
piemonte;146;1997;2015;tmin;100
piemonte;147;1997;2015;tmax;100
piemonte;147;1997;2015;tmin;100
piemonte;47;1997;2015;tmax;100
piemonte;47;1997;2015;tmin;100
piemonte;56;1997;2015;tmax;95
piemonte;56;1997;2015;tmin;100
piemonte;64;1997;2015;tmax;100
piemonte;64;1997;2015;tmin;100
piemonte;73;1997;2015;tmax;100
piemonte;73;1997;2015;tmin;100
piemonte;103;1998;2015;tmax;100
piemonte;103;1998;2015;tmin;100
piemonte;104;1998;2015;tmax;100
piemonte;104;1998;2015;tmin;100
piemonte;113;1998;2015;tmax;100
piemonte;113;1998;2015;tmin;100
piemonte;114;1998;2015;tmax;100
piemonte;114;1998;2015;tmin;100
piemonte;122;1998;2015;tmax;95
piemonte;122;1998;2015;tmin;95
piemonte;148;1998;2015;tmax;100
piemonte;148;1998;2015;tmin;100
piemonte;149;1998;2015;tmax;100
piemonte;149;1998;2015;tmin;100
piemonte;150;1998;2015;tmax;100
piemonte;150;1998;2015;tmin;100
piemonte;167;1998;2015;tmax;90
piemonte;167;1998;2015;tmin;95
piemonte;168;1998;2015;tmax;100
piemonte;168;1998;2015;tmin;100
piemonte;58;1998;2015;tmax;100
piemonte;58;1998;2015;tmin;100
piemonte;59;1998;2015;tmax;100
piemonte;59;1998;2015;tmin;100
piemonte;60;1998;2015;tmax;95
piemonte;60;1998;2015;tmin;95
piemonte;69;1998;2015;tmax;100
piemonte;69;1998;2015;tmin;100
piemonte;81;1998;2015;tmax;100
piemonte;81;1998;2015;tmin;95
piemonte;90;1998;2015;tmax;100
piemonte;90;1998;2015;tmin;100
piemonte;96;1998;2015;tmax;100
piemonte;96;1998;2015;tmin;100
piemonte;54;1999;2015;tmax;100
piemonte;54;1999;2015;tmin;100
piemonte;63;1999;2015;tmax;100
piemonte;82;1999;2015;tmax;100
piemonte;82;1999;2015;tmin;100
piemonte;83;1999;2015;tmax;100
piemonte;83;1999;2015;tmin;100
piemonte;85;1999;2015;tmax;100
piemonte;85;1999;2015;tmin;100
piemonte;91;1999;2015;tmax;100
piemonte;91;1999;2015;tmin;100
piemonte;95;1999;2015;tmax;100
piemonte;95;1999;2015;tmin;100
piemonte;169;2000;2015;tmax;100
piemonte;169;2000;2015;tmin;100
piemonte;170;2000;2015;tmax;100
piemonte;170;2000;2015;tmin;100
piemonte;171;2000;2015;tmax;100
piemonte;171;2000;2015;tmin;100
piemonte;172;2000;2015;tmax;100
piemonte;172;2000;2015;tmin;100
piemonte;173;2000;2015;tmax;100
piemonte;173;2000;2015;tmin;100
piemonte;174;2000;2015;tmax;100
piemonte;174;2000;2015;tmin;100
piemonte;176;2000;2015;tmax;100
piemonte;176;2000;2015;tmin;100
piemonte;177;2000;2015;tmax;100
piemonte;177;2000;2015;tmin;100
piemonte;178;2000;2015;tmax;100
piemonte;178;2000;2015;tmin;100
piemonte;179;2000;2015;tmax;100
piemonte;179;2000;2015;tmin;100
piemonte;180;2000;2015;tmax;100
piemonte;180;2000;2015;tmin;100
piemonte;181;2000;2015;tmax;100
piemonte;181;2000;2015;tmin;100
piemonte;182;2000;2015;tmax;85
piemonte;182;2000;2015;tmin;90
piemonte;184;2000;2015;tmax;100
piemonte;184;2000;2015;tmin;95
piemonte;185;2000;2015;tmax;100
piemonte;185;2000;2015;tmin;100
piemonte;186;2000;2015;tmax;100
piemonte;186;2000;2015;tmin;100
piemonte;187;2000;2015;tmax;100
piemonte;187;2000;2015;tmin;100
piemonte;189;2000;2015;tmax;100
piemonte;189;2000;2015;tmin;100
piemonte;190;2000;2015;tmax;100
piemonte;190;2000;2015;tmin;100
piemonte;191;2000;2015;tmax;100
piemonte;191;2000;2015;tmin;100
piemonte;192;2000;2015;tmax;100
piemonte;192;2000;2015;tmin;100
piemonte;193;2000;2015;tmax;100
piemonte;193;2000;2015;tmin;100
piemonte;194;2000;2015;tmax;100
piemonte;194;2000;2015;tmin;100
piemonte;195;2000;2015;tmax;95
piemonte;195;2000;2015;tmin;95
piemonte;39;2000;2015;tmax;100
piemonte;39;2000;2015;tmin;100
piemonte;63;2000;2015;tmin;100
piemonte;183;2001;2015;tmax;100
piemonte;183;2001;2015;tmin;100
piemonte;188;2001;2015;tmax;100
piemonte;188;2001;2015;tmin;100
piemonte;259;2001;2015;tmax;100
piemonte;259;2001;2015;tmin;100
piemonte;260;2001;2015;tmax;100
piemonte;260;2001;2015;tmin;100
piemonte;57;2001;2015;tmax;100
piemonte;57;2001;2015;tmin;100
piemonte;105;2002;2015;tmax;100
piemonte;105;2002;2015;tmin;100
piemonte;106;2002;2015;tmax;100
piemonte;106;2002;2015;tmin;100
piemonte;107;2002;2015;tmax;100
piemonte;107;2002;2015;tmin;100
piemonte;109;2002;2015;tmax;100
piemonte;109;2002;2015;tmin;100
piemonte;111;2002;2015;tmax;100
piemonte;111;2002;2015;tmin;100
piemonte;115;2002;2015;tmax;100
piemonte;115;2002;2015;tmin;100
piemonte;128;2002;2015;tmax;100
piemonte;128;2002;2015;tmin;100
piemonte;130;2002;2015;tmax;100
piemonte;130;2002;2015;tmin;100
piemonte;132;2002;2015;tmax;100
piemonte;132;2002;2015;tmin;100
piemonte;139;2002;2015;tmax;100
piemonte;139;2002;2015;tmin;100
piemonte;145;2002;2015;tmax;100
piemonte;145;2002;2015;tmin;100
piemonte;175;2002;2015;tmax;90
piemonte;175;2002;2015;tmin;90
piemonte;196;2002;2015;tmax;100
piemonte;196;2002;2015;tmin;100
piemonte;219;2002;2015;tmax;90
piemonte;219;2002;2015;tmin;90
piemonte;227;2002;2015;tmax;100
piemonte;227;2002;2015;tmin;100
piemonte;248;2002;2015;tmax;100
piemonte;248;2002;2015;tmin;100
piemonte;251;2002;2015;tmax;100
piemonte;251;2002;2015;tmin;100
piemonte;252;2002;2015;tmax;100
piemonte;252;2002;2015;tmin;100
piemonte;253;2002;2015;tmax;95
piemonte;253;2002;2015;tmin;95
piemonte;255;2002;2015;tmax;100
piemonte;255;2002;2015;tmin;100
piemonte;256;2002;2015;tmax;100
piemonte;256;2002;2015;tmin;100
piemonte;261;2002;2015;tmax;100
piemonte;261;2002;2015;tmin;100
piemonte;266;2002;2015;tmax;95
piemonte;266;2002;2015;tmin;100
piemonte;267;2002;2015;tmax;100
piemonte;267;2002;2015;tmin;100
piemonte;268;2002;2015;tmax;100
piemonte;268;2002;2015;tmin;100
piemonte;269;2002;2015;tmax;100
piemonte;269;2002;2015;tmin;100
piemonte;270;2002;2015;tmax;100
piemonte;270;2002;2015;tmin;100
piemonte;271;2002;2015;tmax;100
piemonte;271;2002;2015;tmin;100
piemonte;272;2002;2015;tmax;100
piemonte;272;2002;2015;tmin;100
piemonte;273;2002;2015;tmax;100
piemonte;273;2002;2015;tmin;100
piemonte;274;2002;2015;tmax;100
piemonte;274;2002;2015;tmin;100
piemonte;275;2002;2015;tmax;100
piemonte;275;2002;2015;tmin;100
piemonte;276;2002;2015;tmax;100
piemonte;276;2002;2015;tmin;100
piemonte;277;2002;2015;tmax;100
piemonte;277;2002;2015;tmin;100
piemonte;278;2002;2015;tmax;100
piemonte;278;2002;2015;tmin;100
piemonte;279;2002;2015;tmax;100
piemonte;279;2002;2015;tmin;100
piemonte;280;2002;2015;tmax;100
piemonte;280;2002;2015;tmin;100
piemonte;281;2002;2015;tmax;100
piemonte;281;2002;2015;tmin;100
piemonte;282;2002;2015;tmax;100
piemonte;282;2002;2015;tmin;100
piemonte;283;2002;2015;tmax;100
piemonte;283;2002;2015;tmin;100
piemonte;284;2002;2015;tmax;100
piemonte;284;2002;2015;tmin;100
piemonte;286;2002;2015;tmax;100
piemonte;286;2002;2015;tmin;100
piemonte;287;2002;2015;tmax;100
piemonte;287;2002;2015;tmin;100
piemonte;288;2002;2015;tmax;100
piemonte;288;2002;2015;tmin;100
piemonte;289;2002;2015;tmax;100
piemonte;289;2002;2015;tmin;100
piemonte;293;2002;2015;tmax;100
piemonte;293;2002;2015;tmin;100
piemonte;297;2002;2015;tmax;100
piemonte;297;2002;2015;tmin;100
piemonte;299;2002;2015;tmax;100
piemonte;299;2002;2015;tmin;100
piemonte;309;2002;2015;tmax;100
piemonte;309;2002;2015;tmin;100
piemonte;237;2003;2015;tmax;100
piemonte;237;2003;2015;tmin;100
piemonte;300;2003;2015;tmax;100
piemonte;300;2003;2015;tmin;100
piemonte;301;2003;2015;tmax;100
piemonte;301;2003;2015;tmin;100
piemonte;303;2003;2015;tmax;100
piemonte;303;2003;2015;tmin;100
piemonte;304;2003;2015;tmax;100
piemonte;304;2003;2015;tmin;100
piemonte;306;2003;2015;tmax;100
piemonte;306;2003;2015;tmin;100
piemonte;307;2003;2015;tmax;100
piemonte;307;2003;2015;tmin;100
piemonte;308;2003;2015;tmax;100
piemonte;308;2003;2015;tmin;100
piemonte;312;2003;2015;tmax;100
piemonte;312;2003;2015;tmin;100
piemonte;313;2003;2015;tmax;100
piemonte;313;2003;2015;tmin;100
piemonte;314;2003;2015;tmax;100
piemonte;314;2003;2015;tmin;100
piemonte;315;2003;2015;tmax;100
piemonte;315;2003;2015;tmin;100
piemonte;316;2003;2015;tmax;100
piemonte;316;2003;2015;tmin;100
piemonte;317;2003;2015;tmax;100
piemonte;317;2003;2015;tmin;100
piemonte;318;2003;2015;tmax;100
piemonte;318;2003;2015;tmin;100
piemonte;319;2003;2015;tmax;100
piemonte;319;2003;2015;tmin;100
piemonte;324;2003;2015;tmax;100
piemonte;324;2003;2015;tmin;100
piemonte;326;2003;2015;tmax;100
piemonte;326;2003;2015;tmin;100
piemonte;327;2003;2015;tmax;100
piemonte;327;2003;2015;tmin;100
piemonte;328;2003;2015;tmax;100
piemonte;328;2003;2015;tmin;100
piemonte;144;2004;2015;tmax;100
piemonte;144;2004;2015;tmin;100
piemonte;215;2004;2015;tmax;100
piemonte;215;2004;2015;tmin;100
piemonte;216;2004;2015;tmax;100
piemonte;216;2004;2015;tmin;100
piemonte;217;2004;2015;tmax;100
piemonte;217;2004;2015;tmin;100
piemonte;263;2004;2015;tmax;100
piemonte;263;2004;2015;tmin;100
piemonte;285;2004;2015;tmax;100
piemonte;285;2004;2015;tmin;100
piemonte;290;2004;2015;tmax;100
piemonte;290;2004;2015;tmin;100
piemonte;291;2004;2015;tmax;100
piemonte;291;2004;2015;tmin;100
piemonte;292;2004;2015;tmax;100
piemonte;292;2004;2015;tmin;100
piemonte;305;2004;2015;tmax;100
piemonte;305;2004;2015;tmin;100
piemonte;325;2004;2015;tmax;100
piemonte;325;2004;2015;tmin;100
piemonte;329;2004;2015;tmax;100
piemonte;329;2004;2015;tmin;100
piemonte;330;2004;2015;tmax;100
piemonte;330;2004;2015;tmin;100
piemonte;338;2004;2015;tmax;100
piemonte;338;2004;2015;tmin;100
piemonte;76;2004;2015;tmax;100
piemonte;76;2004;2015;tmin;100
piemonte;100;2005;2015;tmax;100
piemonte;100;2005;2015;tmin;100
piemonte;198;2005;2015;tmax;100
piemonte;198;2005;2015;tmin;100
piemonte;201;2005;2015;tmax;100
piemonte;201;2005;2015;tmin;100
piemonte;207;2005;2015;tmax;100
piemonte;207;2005;2015;tmin;100
piemonte;210;2005;2015;tmax;100
piemonte;210;2005;2015;tmin;100
piemonte;249;2005;2015;tmax;100
piemonte;249;2005;2015;tmin;100
piemonte;348;2005;2015;tmax;100
piemonte;348;2005;2015;tmin;100
piemonte;349;2005;2015;tmax;100
piemonte;349;2005;2015;tmin;100
piemonte;350;2005;2015;tmax;100
piemonte;350;2005;2015;tmin;100
piemonte;355;2005;2015;tmax;100
piemonte;355;2005;2015;tmin;100
piemonte;356;2005;2015;tmax;100
piemonte;356;2005;2015;tmin;100
piemonte;21;2006;2015;tmax;100
piemonte;21;2006;2015;tmin;100
piemonte;211;2006;2015;tmax;100
piemonte;211;2006;2015;tmin;100
piemonte;245;2006;2015;tmax;100
piemonte;245;2006;2015;tmin;100
piemonte;296;2006;2015;tmax;100
piemonte;296;2006;2015;tmin;100
piemonte;367;2006;2015;tmax;100
piemonte;367;2006;2015;tmin;100
piemonte;368;2006;2015;tmax;100
piemonte;368;2006;2015;tmin;100
piemonte;374;2006;2015;tmax;100
piemonte;374;2006;2015;tmin;100
piemonte;375;2006;2015;tmax;100
piemonte;375;2006;2015;tmin;100
piemonte;376;2006;2015;tmax;100
piemonte;376;2006;2015;tmin;100
piemonte;377;2006;2015;tmax;100
piemonte;377;2006;2015;tmin;100
piemonte;66;2006;2015;tmax;100
piemonte;66;2006;2015;tmin;100
puglia;20;1995;2009;tmax;100
puglia;20;1995;2009;tmin;100
puglia;63;1995;2010;tmax;100
puglia;63;1995;2010;tmin;100
puglia;27;1995;2011;tmax;100
puglia;27;1995;2011;tmin;100
puglia;56;1995;2011;tmax;100
puglia;56;1995;2011;tmin;100
puglia;88;1995;2011;tmax;100
puglia;88;1995;2011;tmin;100
puglia;100;1995;2012;tmax;100
puglia;100;1995;2012;tmin;100
puglia;102;1995;2012;tmax;95
puglia;102;1995;2012;tmin;95
puglia;104;1995;2012;tmax;95
puglia;104;1995;2012;tmin;95
puglia;105;1995;2012;tmax;80
puglia;105;1995;2012;tmin;80
puglia;108;1995;2012;tmax;100
puglia;108;1995;2012;tmin;100
puglia;109;1995;2012;tmax;95
puglia;109;1995;2012;tmin;95
puglia;111;1995;2012;tmax;100
puglia;111;1995;2012;tmin;100
puglia;112;1995;2012;tmax;100
puglia;112;1995;2012;tmin;100
puglia;118;1995;2012;tmax;95
puglia;118;1995;2012;tmin;95
puglia;12;1995;2012;tmax;95
puglia;12;1995;2012;tmin;100
puglia;120;1995;2012;tmax;95
puglia;120;1995;2012;tmin;90
puglia;121;1995;2012;tmax;95
puglia;121;1995;2012;tmin;95
puglia;123;1995;2012;tmax;95
puglia;123;1995;2012;tmin;95
puglia;126;1995;2012;tmax;85
puglia;126;1995;2012;tmin;80
puglia;127;1995;2012;tmax;95
puglia;127;1995;2012;tmin;95
puglia;13;1995;2012;tmax;100
puglia;13;1995;2012;tmin;100
puglia;130;1995;2012;tmax;100
puglia;130;1995;2012;tmin;100
puglia;133;1995;2012;tmax;100
puglia;133;1995;2012;tmin;100
puglia;135;1995;2012;tmax;100
puglia;135;1995;2012;tmin;100
puglia;137;1995;2012;tmax;95
puglia;137;1995;2012;tmin;95
puglia;138;1995;2012;tmax;100
puglia;138;1995;2012;tmin;100
puglia;139;1995;2012;tmax;100
puglia;139;1995;2012;tmin;100
puglia;14;1995;2012;tmax;90
puglia;14;1995;2012;tmin;90
puglia;143;1995;2012;tmax;95
puglia;143;1995;2012;tmin;95
puglia;144;1995;2012;tmax;80
puglia;144;1995;2012;tmin;80
puglia;147;1995;2012;tmax;95
puglia;147;1995;2012;tmin;95
puglia;148;1995;2012;tmax;90
puglia;148;1995;2012;tmin;90
puglia;15;1995;2012;tmax;100
puglia;15;1995;2012;tmin;100
puglia;22;1995;2012;tmax;100
puglia;22;1995;2012;tmin;100
puglia;3;1995;2012;tmax;100
puglia;3;1995;2012;tmin;100
puglia;31;1995;2012;tmax;95
puglia;31;1995;2012;tmin;95
puglia;32;1995;2012;tmax;90
puglia;32;1995;2012;tmin;90
puglia;33;1995;2012;tmax;95
puglia;33;1995;2012;tmin;95
puglia;34;1995;2012;tmax;100
puglia;34;1995;2012;tmin;100
puglia;38;1995;2012;tmax;95
puglia;38;1995;2012;tmin;95
puglia;4;1995;2012;tmax;100
puglia;4;1995;2012;tmin;100
puglia;42;1995;2012;tmax;95
puglia;42;1995;2012;tmin;95
puglia;48;1995;2012;tmax;100
puglia;48;1995;2012;tmin;100
puglia;5;1995;2012;tmax;100
puglia;5;1995;2012;tmin;100
puglia;50;1995;2012;tmax;100
puglia;50;1995;2012;tmin;100
puglia;51;1995;2012;tmax;100
puglia;51;1995;2012;tmin;100
puglia;52;1995;2012;tmax;100
puglia;52;1995;2012;tmin;100
puglia;54;1995;2012;tmax;100
puglia;58;1995;2012;tmax;100
puglia;58;1995;2012;tmin;100
puglia;59;1995;2012;tmax;90
puglia;59;1995;2012;tmin;90
puglia;61;1995;2012;tmax;90
puglia;61;1995;2012;tmin;90
puglia;62;1995;2012;tmax;90
puglia;62;1995;2012;tmin;90
puglia;65;1995;2012;tmax;95
puglia;65;1995;2012;tmin;95
puglia;66;1995;2012;tmax;100
puglia;66;1995;2012;tmin;100
puglia;67;1995;2012;tmax;100
puglia;67;1995;2012;tmin;100
puglia;68;1995;2012;tmax;100
puglia;68;1995;2012;tmin;100
puglia;69;1995;2012;tmax;100
puglia;69;1995;2012;tmin;100
puglia;71;1995;2012;tmax;100
puglia;71;1995;2012;tmin;100
puglia;72;1995;2012;tmax;95
puglia;72;1995;2012;tmin;95
puglia;73;1995;2012;tmax;100
puglia;73;1995;2012;tmin;100
puglia;74;1995;2012;tmax;90
puglia;74;1995;2012;tmin;90
puglia;75;1995;2012;tmax;100
puglia;75;1995;2012;tmin;100
puglia;8;1995;2012;tmax;90
puglia;8;1995;2012;tmin;90
puglia;82;1995;2012;tmax;100
puglia;82;1995;2012;tmin;100
puglia;84;1995;2012;tmax;100
puglia;84;1995;2012;tmin;100
puglia;86;1995;2012;tmax;100
puglia;86;1995;2012;tmin;100
puglia;87;1995;2012;tmax;100
puglia;87;1995;2012;tmin;100
puglia;89;1995;2012;tmax;100
puglia;89;1995;2012;tmin;100
puglia;90;1995;2012;tmax;100
puglia;90;1995;2012;tmin;100
puglia;94;1995;2012;tmax;100
puglia;94;1995;2012;tmin;100
puglia;97;1995;2012;tmax;100
puglia;97;1995;2012;tmin;100
puglia;119;1996;2012;tmax;85
puglia;119;1996;2012;tmin;85
puglia;23;1996;2012;tmax;100
puglia;23;1996;2012;tmin;100
puglia;30;1996;2012;tmax;100
puglia;30;1996;2012;tmin;100
puglia;44;1996;2012;tmax;90
puglia;44;1996;2012;tmin;90
puglia;54;1996;2012;tmin;95
puglia;64;1996;2012;tmax;95
puglia;77;1996;2012;tmax;100
puglia;77;1996;2012;tmin;100
puglia;10;1997;2012;tmax;90
puglia;10;1997;2012;tmin;90
puglia;128;1997;2012;tmax;100
puglia;128;1997;2012;tmin;100
puglia;64;1997;2012;tmin;95
sicilia;44;1961;1984;tmax;95
sicilia;44;1961;1984;tmin;95
sicilia;148;1961;1988;tmax;100
sicilia;148;1961;1988;tmin;95
sicilia;13;1961;2005;tmax;90
sicilia;13;1961;2005;tmin;90
sicilia;16;1961;2006;tmax;95
sicilia;16;1961;2006;tmin;95
sicilia;145;1961;2007;tmax;100
sicilia;145;1961;2007;tmin;100
sicilia;2;1961;2007;tmax;95
sicilia;2;1961;2007;tmin;95
sicilia;84;1961;2007;tmax;95
sicilia;84;1961;2007;tmin;95
sicilia;88;1961;2007;tmax;95
sicilia;88;1961;2007;tmin;95
sicilia;91;1961;2007;tmax;95
sicilia;91;1961;2007;tmin;95
sicilia;95;1961;2007;tmax;95
sicilia;95;1961;2007;tmin;95
sicilia;99;1961;2007;tmax;95
sicilia;99;1961;2007;tmin;95
sicilia;30;1961;2009;tmax;95
sicilia;30;1961;2009;tmin;95
sicilia;98;1961;2011;tmax;90
sicilia;98;1961;2011;tmin;90
sicilia;10;1961;2014;tmax;85
sicilia;10;1961;2014;tmin;85
sicilia;48;1961;2014;tmax;95
sicilia;48;1961;2014;tmin;95
sicilia;60;1961;2014;tmax;90
sicilia;60;1961;2014;tmin;90
sicilia;86;1961;2014;tmax;90
sicilia;86;1961;2014;tmin;90
sicilia;89;1961;2014;tmax;85
sicilia;89;1961;2014;tmin;85
sicilia;129;1961;2015;tmax;80
sicilia;129;1961;2015;tmin;80
sicilia;136;1961;2015;tmax;90
sicilia;136;1961;2015;tmin;90
sicilia;147;1961;2015;tmax;100
sicilia;147;1961;2015;tmin;100
sicilia;149;1961;2015;tmax;90
sicilia;149;1961;2015;tmin;90
sicilia;24;1961;2015;tmax;95
sicilia;24;1961;2015;tmin;95
sicilia;29;1961;2015;tmax;95
sicilia;29;1961;2015;tmin;95
sicilia;38;1961;2015;tmax;90
sicilia;41;1961;2015;tmax;95
sicilia;66;1961;2015;tmax;100
sicilia;66;1961;2015;tmin;100
sicilia;74;1961;2015;tmax;90
sicilia;74;1961;2015;tmin;90
sicilia;82;1961;2015;tmax;95
sicilia;82;1961;2015;tmin;95
sicilia;83;1961;2015;tmax;90
sicilia;83;1961;2015;tmin;90
sicilia;87;1961;2015;tmax;90
sicilia;87;1961;2015;tmin;90
sicilia;9;1961;2015;tmax;100
sicilia;9;1961;2015;tmin;100
sicilia;14;1962;2008;tmax;90
sicilia;14;1962;2008;tmin;90
sicilia;22;1962;2015;tmax;100
sicilia;22;1962;2015;tmin;100
sicilia;56;1962;2015;tmax;95
sicilia;56;1962;2015;tmin;95
sicilia;59;1967;2008;tmax;95
sicilia;59;1967;2008;tmin;95
sicilia;85;1967;2015;tmax;90
sicilia;85;1967;2015;tmin;90
sicilia;27;1979;2007;tmax;80
sicilia;27;1979;2007;tmin;80
sicilia;132;1982;2010;tmax;95
sicilia;132;1982;2010;tmin;95
sicilia;153;1982;2011;tmax;85
sicilia;153;1982;2011;tmin;85
sicilia;32;1982;2014;tmax;90
sicilia;32;1982;2014;tmin;90
sicilia;64;1982;2014;tmax;100
sicilia;64;1982;2014;tmin;100
sicilia;61;1982;2015;tmax;90
sicilia;61;1982;2015;tmin;90
sicilia;43;1983;2015;tmax;85
sicilia;81;1984;2013;tmax;90
sicilia;81;1984;2013;tmin;90
sicilia;7;1986;2014;tmax;85
sicilia;58;1986;2015;tmax;90
sicilia;58;1986;2015;tmin;90
sicilia;7;1986;2015;tmin;85
sicilia;26;1988;2014;tmax;95
sicilia;26;1988;2014;tmin;95
sicilia;67;1989;2014;tmax;95
sicilia;67;1989;2014;tmin;95
sicilia;28;1989;2015;tmax;95
sicilia;28;1989;2015;tmin;95
sicilia;43;1995;2015;tmin;95
toscana;537;1961;1974;tmax;85
toscana;537;1961;1974;tmin;85
toscana;888;1961;1984;tmax;95
toscana;888;1961;1984;tmin;95
toscana;734;1961;1985;tmax;95
toscana;734;1961;1985;tmin;95
toscana;970;1961;1986;tmax;80
toscana;970;1961;1986;tmin;80
toscana;751;1961;1987;tmax;90
toscana;751;1961;1987;tmin;90
toscana;900;1961;1987;tmax;95
toscana;900;1961;1987;tmin;95
toscana;815;1961;1988;tmax;85
toscana;815;1961;1988;tmin;85
toscana;484;1961;1989;tmax;85
toscana;484;1961;1989;tmin;85
toscana;666;1961;1990;tmax;95
toscana;666;1961;1990;tmin;95
toscana;848;1961;1990;tmax;95
toscana;848;1961;1990;tmin;95
toscana;584;1961;1991;tmax;90
toscana;584;1961;1991;tmin;90
toscana;376;1961;1992;tmax;90
toscana;376;1961;1992;tmin;90
toscana;518;1961;1993;tmax;95
toscana;518;1961;1993;tmin;95
toscana;651;1961;1993;tmax;90
toscana;651;1961;1993;tmin;90
toscana;991;1961;1993;tmax;90
toscana;991;1961;1993;tmin;90
toscana;392;1961;1994;tmax;95
toscana;392;1961;1994;tmin;95
toscana;857;1961;1994;tmax;95
toscana;857;1961;1994;tmin;95
toscana;684;1961;1995;tmax;95
toscana;684;1961;1995;tmin;95
toscana;632;1961;1996;tmax;95
toscana;632;1961;1996;tmin;95
toscana;418;1961;1997;tmax;95
toscana;418;1961;1997;tmin;95
toscana;435;1961;1997;tmax;95
toscana;435;1961;1997;tmin;95
toscana;447;1961;1997;tmax;95
toscana;447;1961;1997;tmin;95
toscana;461;1961;1997;tmax;95
toscana;461;1961;1997;tmin;95
toscana;508;1961;1997;tmax;95
toscana;508;1961;1997;tmin;95
toscana;595;1961;1997;tmax;95
toscana;595;1961;1997;tmin;95
toscana;625;1961;1997;tmax;90
toscana;625;1961;1997;tmin;90
toscana;758;1961;1997;tmax;95
toscana;758;1961;1997;tmin;95
toscana;763;1961;1997;tmax;100
toscana;763;1961;1997;tmin;100
toscana;870;1961;1997;tmax;95
toscana;870;1961;1997;tmin;95
toscana;876;1961;1997;tmax;90
toscana;876;1961;1997;tmin;90
toscana;929;1961;1997;tmax;80
toscana;929;1961;1997;tmin;80
toscana;937;1961;1997;tmax;95
toscana;937;1961;1997;tmin;95
toscana;956;1961;1997;tmax;95
toscana;956;1961;1997;tmin;95
toscana;976;1961;1997;tmax;95
toscana;976;1961;1997;tmin;95
toscana;373;1961;1999;tmax;90
toscana;373;1961;1999;tmin;90
toscana;491;1961;1999;tmax;95
toscana;491;1961;1999;tmin;95
toscana;704;1961;1999;tmax;95
toscana;704;1961;1999;tmin;95
toscana;979;1961;1999;tmax;95
toscana;979;1961;1999;tmin;95
toscana;474;1961;2000;tmax;90
toscana;474;1961;2000;tmin;90
toscana;549;1961;2000;tmax;95
toscana;549;1961;2000;tmin;95
toscana;712;1961;2000;tmax;95
toscana;712;1961;2000;tmin;95
toscana;839;1961;2000;tmax;90
toscana;839;1961;2000;tmin;90
toscana;17;1961;2015;tmax;95
toscana;17;1961;2015;tmin;95
toscana;464;1961;2015;tmax;100
toscana;464;1961;2015;tmin;100
toscana;789;1962;2000;tmax;95
toscana;789;1962;2000;tmin;95
toscana;847;1968;1997;tmax;80
toscana;847;1968;1997;tmin;80
toscana;365;1970;2013;tmax;100
toscana;365;1970;2013;tmin;100
toscana;538;1972;1997;tmax;95
toscana;538;1972;1997;tmin;95
toscana;739;1985;1997;tmax;95
toscana;739;1985;1997;tmin;95
toscana;887;1985;2001;tmax;95
toscana;887;1985;2001;tmin;95
toscana;29;1992;2013;tmax;95
toscana;29;1992;2013;tmin;95
toscana;27;1992;2015;tmax;100
toscana;27;1992;2015;tmin;100
toscana;28;1992;2015;tmax;95
toscana;28;1992;2015;tmin;95
toscana;30;1992;2015;tmax;95
toscana;30;1992;2015;tmin;95
toscana;49;1993;2013;tmax;95
toscana;49;1993;2013;tmin;95
toscana;57;1993;2015;tmax;95
toscana;57;1993;2015;tmin;95
toscana;58;1993;2015;tmax;95
toscana;58;1993;2015;tmin;95
toscana;232;1996;2015;tmax;100
toscana;232;1996;2015;tmin;100
toscana;55;1998;2015;tmax;100
toscana;55;1998;2015;tmin;100
toscana;238;1999;2015;tmax;85
toscana;238;1999;2015;tmin;85
toscana;239;1999;2015;tmax;90
toscana;239;1999;2015;tmin;90
toscana;10;2000;2015;tmax;95
toscana;10;2000;2015;tmin;95
toscana;204;2000;2015;tmax;85
toscana;204;2000;2015;tmin;85
toscana;23;2000;2015;tmax;100
toscana;23;2000;2015;tmin;100
toscana;25;2000;2015;tmax;100
toscana;25;2000;2015;tmin;100
toscana;37;2000;2015;tmax;100
toscana;37;2000;2015;tmin;100
toscana;39;2000;2015;tmax;100
toscana;39;2000;2015;tmin;100
toscana;7;2000;2015;tmax;100
toscana;7;2000;2015;tmin;100
toscana;72;2000;2015;tmax;95
toscana;72;2000;2015;tmin;95
toscana;76;2000;2015;tmax;95
toscana;76;2000;2015;tmin;95
toscana;65;2001;2013;tmax;100
toscana;65;2001;2013;tmin;100
toscana;83;2001;2013;tmin;100
toscana;88;2001;2013;tmax;90
toscana;88;2001;2013;tmin;90
toscana;141;2001;2015;tmax;95
toscana;141;2001;2015;tmin;95
toscana;15;2001;2015;tmax;100
toscana;15;2001;2015;tmin;100
toscana;160;2001;2015;tmax;100
toscana;160;2001;2015;tmin;100
toscana;78;2001;2015;tmax;90
toscana;78;2001;2015;tmin;90
toscana;79;2001;2015;tmax;95
toscana;79;2001;2015;tmin;95
toscana;82;2001;2015;tmax;95
toscana;82;2001;2015;tmin;95
toscana;87;2001;2015;tmax;100
toscana;87;2001;2015;tmin;100
toscana;90;2001;2015;tmax;100
toscana;90;2001;2015;tmin;100
toscana;83;2002;2013;tmax;100
toscana;146;2002;2015;tmax;85
toscana;146;2002;2015;tmin;85
toscana;164;2002;2015;tmax;100
toscana;164;2002;2015;tmin;100
toscana;199;2002;2015;tmax;95
toscana;199;2002;2015;tmin;95
toscana;70;2002;2015;tmax;100
toscana;70;2002;2015;tmin;100
toscana;84;2002;2015;tmax;100
toscana;84;2002;2015;tmin;100
toscana;240;2003;2015;tmax;100
toscana;240;2003;2015;tmin;100
toscana;379;2004;2015;tmax;100
toscana;379;2004;2015;tmin;100
toscana;110;2005;2015;tmax;100
toscana;110;2005;2015;tmin;100
toscana;173;2005;2015;tmax;100
toscana;173;2005;2015;tmin;100
toscana;97;2005;2015;tmax;100
toscana;97;2005;2015;tmin;100
trentino;6534;1961;2004;tmax;100
trentino;6534;1961;2004;tmin;100
trentino;6507;1961;2005;tmax;90
trentino;6507;1961;2005;tmin;90
trentino;6538;1961;2005;tmax;95
trentino;6538;1961;2005;tmin;95
trentino;6549;1961;2005;tmax;95
trentino;6549;1961;2005;tmin;95
trentino;6524;1961;2007;tmax;85
trentino;6524;1961;2007;tmin;85
trentino;6546;1961;2007;tmax;95
trentino;6533;1961;2009;tmax;95
trentino;6533;1961;2009;tmin;95
trentino;6539;1961;2009;tmax;95
trentino;6525;1961;2010;tmax;90
trentino;6539;1961;2010;tmin;95
trentino;6543;1961;2011;tmax;85
trentino;6543;1961;2011;tmin;85
trentino;6525;1961;2015;tmin;90
trentino;6546;1961;2015;tmin;80
trentino;6513;1963;2003;tmax;80
trentino;6513;1963;2003;tmin;80
trentino;6527;1963;2004;tmax;100
trentino;6527;1963;2004;tmin;100
trentino;6514;1963;2010;tmax;90
trentino;6514;1963;2010;tmin;90
trentino;6521;1965;2015;tmax;90
trentino;6521;1965;2015;tmin;90
trentino;6575;1967;2006;tmax;95
trentino;6575;1967;2006;tmin;95
trentino;6526;1973;2010;tmax;90
trentino;6526;1973;2010;tmin;90
trentino;6586;1975;2001;tmax;85
trentino;6586;1975;2001;tmin;85
trentino;6579;1975;2003;tmax;95
trentino;6579;1975;2003;tmin;95
trentino;6580;1975;2003;tmax;95
trentino;6580;1975;2003;tmin;95
trentino;6581;1975;2003;tmax;90
trentino;6581;1975;2003;tmin;90
trentino;6604;1975;2005;tmax;100
trentino;6604;1975;2005;tmin;100
trentino;6605;1978;1990;tmax;100
trentino;6605;1978;1990;tmin;100
trentino;6620;1978;1991;tmax;100
trentino;6620;1978;1991;tmin;100
trentino;6582;1978;1993;tmax;95
trentino;6582;1978;1993;tmin;95
trentino;6548;1978;2003;tmax;100
trentino;6548;1978;2003;tmin;100
trentino;6606;1980;1998;tmax;100
trentino;6606;1980;1998;tmin;100
trentino;6547;1985;2009;tmax;95
trentino;6547;1985;2009;tmin;95
trentino;6600;1986;2004;tmax;100
trentino;6600;1986;2004;tmin;100
trentino;6532;1987;2003;tmax;100
trentino;6532;1987;2003;tmin;100
trentino;6614;1988;2003;tmax;100
trentino;6614;1988;2003;tmin;100
trentino;6536;1989;2001;tmax;100
trentino;6536;1989;2001;tmin;100
trentino;6569;1991;2006;tmax;90
trentino;6569;1991;2006;tmin;90
trentino;6528;1991;2010;tmax;85
trentino;6528;1991;2010;tmin;85
trentino;6541;1991;2012;tmax;90
trentino;6541;1991;2014;tmin;80
trentino;6577;1992;2004;tmax;100
trentino;6577;1992;2004;tmin;100
trentino;6594;1992;2005;tmax;90
trentino;6610;1992;2005;tmax;100
trentino;6610;1992;2005;tmin;100
trentino;6603;1992;2006;tmax;100
trentino;6603;1992;2006;tmin;100
trentino;6599;1992;2009;tmax;85
trentino;6599;1992;2009;tmin;85
trentino;6592;1992;2011;tmax;85
trentino;6592;1992;2011;tmin;85
trentino;6597;1992;2011;tmax;85
trentino;6597;1992;2011;tmin;85
trentino;6556;1995;2015;tmax;90
trentino;6556;1995;2015;tmin;90
trentino;6640;2002;2015;tmax;90
trentino;6640;2002;2015;tmin;90
umbria;2000;2004;2013;tmax;100
umbria;2000;2004;2013;tmin;100
umbria;773;2004;2013;tmax;100
umbria;773;2004;2013;tmin;100
umbria;1090;2004;2015;tmax;95
umbria;1090;2004;2015;tmin;95
umbria;1480;2004;2015;tmax;95
umbria;1480;2004;2015;tmin;95
umbria;1482;2004;2015;tmax;95
umbria;1482;2004;2015;tmin;95
umbria;1520;2004;2015;tmax;95
umbria;1520;2004;2015;tmin;95
umbria;1522;2004;2015;tmax;95
umbria;1522;2004;2015;tmin;95
umbria;1652;2004;2015;tmax;95
umbria;1652;2004;2015;tmin;95
umbria;1653;2004;2015;tmax;95
umbria;1653;2004;2015;tmin;95
umbria;1683;2004;2015;tmax;95
umbria;1683;2004;2015;tmin;95
umbria;2001;2004;2015;tmax;95
umbria;2001;2004;2015;tmin;95
umbria;2002;2004;2015;tmax;95
umbria;2002;2004;2015;tmin;95
umbria;2005;2004;2015;tmax;95
umbria;2005;2004;2015;tmin;95
umbria;2011;2004;2015;tmax;95
umbria;2011;2004;2015;tmin;95
umbria;252;2004;2015;tmax;95
umbria;252;2004;2015;tmin;95
umbria;264;2004;2015;tmax;95
umbria;264;2004;2015;tmin;95
umbria;265;2004;2015;tmax;95
umbria;265;2004;2015;tmin;95
umbria;266;2004;2015;tmax;95
umbria;266;2004;2015;tmin;95
umbria;267;2004;2015;tmax;95
umbria;267;2004;2015;tmin;95
umbria;268;2004;2015;tmax;95
umbria;268;2004;2015;tmin;95
umbria;269;2004;2015;tmax;95
umbria;269;2004;2015;tmin;95
umbria;270;2004;2015;tmax;95
umbria;270;2004;2015;tmin;95
umbria;301;2004;2015;tmax;95
umbria;301;2004;2015;tmin;95
umbria;3537;2004;2015;tmax;95
umbria;3537;2004;2015;tmin;95
umbria;3539;2004;2015;tmax;95
umbria;3539;2004;2015;tmin;95
umbria;3543;2004;2015;tmax;95
umbria;3543;2004;2015;tmin;95
umbria;3549;2004;2015;tmax;95
umbria;3549;2004;2015;tmin;95
umbria;4510;2004;2015;tmax;95
umbria;4510;2004;2015;tmin;95
umbria;453;2004;2015;tmax;95
umbria;453;2004;2015;tmin;95
umbria;742;2004;2015;tmax;95
umbria;742;2004;2015;tmin;95
umbria;748;2004;2015;tmax;95
umbria;748;2004;2015;tmin;95
umbria;792;2004;2015;tmax;95
umbria;792;2004;2015;tmin;95
umbria;794;2004;2015;tmax;95
umbria;794;2004;2015;tmin;95
umbria;796;2004;2015;tmax;95
umbria;796;2004;2015;tmin;95
umbria;799;2004;2015;tmax;95
umbria;799;2004;2015;tmin;95
umbria;804;2004;2015;tmax;95
umbria;804;2004;2015;tmin;95
umbria;807;2004;2015;tmax;95
umbria;807;2004;2015;tmin;95
umbria;813;2004;2015;tmax;95
umbria;813;2004;2015;tmin;95
umbria;1680;2005;2015;tmax;95
umbria;1680;2005;2015;tmin;95
umbria;2842;2005;2015;tmax;95
umbria;2842;2005;2015;tmin;95
umbria;3541;2005;2015;tmax;95
umbria;3541;2005;2015;tmin;95
umbria;3542;2005;2015;tmax;95
umbria;3542;2005;2015;tmin;95
umbria;3547;2005;2015;tmax;95
umbria;3547;2005;2015;tmin;95
umbria;3551;2005;2015;tmax;95
umbria;3551;2005;2015;tmin;95
umbria;3552;2005;2015;tmax;95
umbria;3552;2005;2015;tmin;95
umbria;4066;2005;2015;tmax;95
umbria;4066;2005;2015;tmin;95
umbria;636;2005;2015;tmax;95
umbria;636;2005;2015;tmin;95
veneto;84;1992;2013;tmax;100
veneto;84;1992;2013;tmin;100
veneto;119;1992;2015;tmax;100
veneto;119;1992;2015;tmin;100
veneto;15;1992;2015;tmax;100
veneto;15;1992;2015;tmin;100
veneto;152;1992;2015;tmax;100
veneto;152;1992;2015;tmin;100
veneto;17;1992;2015;tmax;100
veneto;17;1992;2015;tmin;100
veneto;183;1992;2015;tmax;95
veneto;183;1992;2015;tmin;95
veneto;19;1992;2015;tmax;100
veneto;19;1992;2015;tmin;100
veneto;2;1992;2015;tmax;100
veneto;2;1992;2015;tmin;100
veneto;22;1992;2015;tmax;100
veneto;22;1992;2015;tmin;100
veneto;223;1992;2015;tmax;95
veneto;223;1992;2015;tmin;95
veneto;224;1992;2015;tmax;100
veneto;224;1992;2015;tmin;100
veneto;225;1992;2015;tmax;100
veneto;225;1992;2015;tmin;100
veneto;228;1992;2015;tmax;100
veneto;228;1992;2015;tmin;100
veneto;232;1992;2015;tmax;100
veneto;232;1992;2015;tmin;100
veneto;233;1992;2015;tmax;100
veneto;233;1992;2015;tmin;100
veneto;234;1992;2015;tmax;100
veneto;234;1992;2015;tmin;100
veneto;236;1992;2015;tmax;95
veneto;236;1992;2015;tmin;95
veneto;24;1992;2015;tmax;100
veneto;24;1992;2015;tmin;100
veneto;241;1992;2015;tmax;100
veneto;241;1992;2015;tmin;100
veneto;242;1992;2015;tmax;85
veneto;242;1992;2015;tmin;85
veneto;243;1992;2015;tmax;90
veneto;243;1992;2015;tmin;90
veneto;244;1992;2015;tmax;100
veneto;244;1992;2015;tmin;100
veneto;245;1992;2015;tmax;95
veneto;245;1992;2015;tmin;95
veneto;247;1992;2015;tmax;100
veneto;247;1992;2015;tmin;100
veneto;248;1992;2015;tmax;100
veneto;248;1992;2015;tmin;100
veneto;249;1992;2015;tmax;100
veneto;249;1992;2015;tmin;100
veneto;25;1992;2015;tmax;100
veneto;25;1992;2015;tmin;100
veneto;250;1992;2015;tmax;100
veneto;250;1992;2015;tmin;100
veneto;252;1992;2015;tmax;95
veneto;252;1992;2015;tmin;95
veneto;254;1992;2015;tmax;100
veneto;254;1992;2015;tmin;100
veneto;256;1992;2015;tmax;100
veneto;256;1992;2015;tmin;100
veneto;257;1992;2015;tmax;100
veneto;257;1992;2015;tmin;100
veneto;258;1992;2015;tmax;95
veneto;258;1992;2015;tmin;95
veneto;259;1992;2015;tmax;100
veneto;259;1992;2015;tmin;100
veneto;260;1992;2015;tmax;100
veneto;260;1992;2015;tmin;100
veneto;27;1992;2015;tmax;100
veneto;27;1992;2015;tmin;100
veneto;28;1992;2015;tmax;100
veneto;28;1992;2015;tmin;100
veneto;29;1992;2015;tmax;100
veneto;29;1992;2015;tmin;100
veneto;33;1992;2015;tmax;100
veneto;33;1992;2015;tmin;100
veneto;35;1992;2015;tmax;100
veneto;35;1992;2015;tmin;100
veneto;36;1992;2015;tmax;100
veneto;36;1992;2015;tmin;100
veneto;37;1992;2015;tmax;100
veneto;37;1992;2015;tmin;100
veneto;39;1992;2015;tmax;100
veneto;39;1992;2015;tmin;100
veneto;4;1992;2015;tmax;100
veneto;4;1992;2015;tmin;100
veneto;40;1992;2015;tmax;100
veneto;40;1992;2015;tmin;100
veneto;41;1992;2015;tmax;90
veneto;41;1992;2015;tmin;90
veneto;42;1992;2015;tmax;100
veneto;42;1992;2015;tmin;100
veneto;43;1992;2015;tmax;100
veneto;43;1992;2015;tmin;100
veneto;44;1992;2015;tmax;100
veneto;44;1992;2015;tmin;100
veneto;45;1992;2015;tmax;100
veneto;45;1992;2015;tmin;100
veneto;46;1992;2015;tmax;100
veneto;46;1992;2015;tmin;100
veneto;49;1992;2015;tmax;100
veneto;49;1992;2015;tmin;100
veneto;5;1992;2015;tmax;100
veneto;5;1992;2015;tmin;100
veneto;52;1992;2015;tmax;100
veneto;52;1992;2015;tmin;100
veneto;53;1992;2015;tmax;100
veneto;53;1992;2015;tmin;100
veneto;54;1992;2015;tmax;95
veneto;54;1992;2015;tmin;95
veneto;55;1992;2015;tmax;100
veneto;55;1992;2015;tmin;100
veneto;56;1992;2015;tmax;100
veneto;56;1992;2015;tmin;100
veneto;58;1992;2015;tmax;100
veneto;58;1992;2015;tmin;100
veneto;63;1992;2015;tmax;95
veneto;63;1992;2015;tmin;95
veneto;65;1992;2015;tmax;95
veneto;65;1992;2015;tmin;95
veneto;66;1992;2015;tmax;90
veneto;66;1992;2015;tmin;90
veneto;69;1992;2015;tmax;100
veneto;69;1992;2015;tmin;100
veneto;70;1992;2015;tmax;100
veneto;70;1992;2015;tmin;100
veneto;71;1992;2015;tmax;100
veneto;71;1992;2015;tmin;100
veneto;72;1992;2015;tmax;100
veneto;72;1992;2015;tmin;100
veneto;73;1992;2015;tmax;100
veneto;73;1992;2015;tmin;100
veneto;74;1992;2015;tmax;95
veneto;74;1992;2015;tmin;95
veneto;75;1992;2015;tmax;95
veneto;75;1992;2015;tmin;95
veneto;76;1992;2015;tmax;100
veneto;76;1992;2015;tmin;100
veneto;77;1992;2015;tmax;100
veneto;77;1992;2015;tmin;100
veneto;78;1992;2015;tmax;95
veneto;78;1992;2015;tmin;95
veneto;8;1992;2015;tmax;100
veneto;8;1992;2015;tmin;100
veneto;82;1992;2015;tmax;100
veneto;82;1992;2015;tmin;100
veneto;85;1992;2015;tmax;100
veneto;85;1992;2015;tmin;100
veneto;87;1992;2015;tmax;100
veneto;87;1992;2015;tmin;100
veneto;89;1992;2015;tmax;100
veneto;89;1992;2015;tmin;100
veneto;91;1992;2015;tmax;100
veneto;91;1992;2015;tmin;100
veneto;98;1992;2015;tmax;100
veneto;98;1992;2015;tmin;100
veneto;181;1993;2013;tmax;100
veneto;181;1993;2013;tmin;100
veneto;182;1993;2013;tmax;95
veneto;182;1993;2013;tmin;95
veneto;1;1993;2015;tmax;100
veneto;1;1993;2015;tmin;100
veneto;10;1993;2015;tmax;100
veneto;10;1993;2015;tmin;100
veneto;109;1993;2015;tmax;100
veneto;109;1993;2015;tmin;100
veneto;11;1993;2015;tmax;95
veneto;11;1993;2015;tmin;95
veneto;110;1993;2015;tmax;100
veneto;110;1993;2015;tmin;100
veneto;111;1993;2015;tmax;100
veneto;111;1993;2015;tmin;100
veneto;116;1993;2015;tmax;100
veneto;116;1993;2015;tmin;100
veneto;117;1993;2015;tmax;100
veneto;117;1993;2015;tmin;100
veneto;12;1993;2015;tmax;95
veneto;12;1993;2015;tmin;95
veneto;13;1993;2015;tmax;100
veneto;13;1993;2015;tmin;100
veneto;14;1993;2015;tmax;100
veneto;14;1993;2015;tmin;100
veneto;16;1993;2015;tmax;95
veneto;16;1993;2015;tmin;95
veneto;18;1993;2015;tmax;100
veneto;18;1993;2015;tmin;100
veneto;23;1993;2015;tmax;100
veneto;23;1993;2015;tmin;100
veneto;230;1993;2015;tmax;100
veneto;230;1993;2015;tmin;100
veneto;255;1993;2015;tmax;100
veneto;255;1993;2015;tmin;100
veneto;26;1993;2015;tmax;100
veneto;26;1993;2015;tmin;100
veneto;3;1993;2015;tmax;100
veneto;3;1993;2015;tmin;100
veneto;32;1993;2015;tmax;100
veneto;32;1993;2015;tmin;100
veneto;51;1993;2015;tmax;100
veneto;51;1993;2015;tmin;100
veneto;57;1993;2015;tmax;100
veneto;57;1993;2015;tmin;100
veneto;59;1993;2015;tmax;100
veneto;59;1993;2015;tmin;100
veneto;6;1993;2015;tmax;100
veneto;6;1993;2015;tmin;100
veneto;61;1993;2015;tmax;100
veneto;61;1993;2015;tmin;100
veneto;62;1993;2015;tmax;100
veneto;62;1993;2015;tmin;100
veneto;68;1993;2015;tmax;100
veneto;68;1993;2015;tmin;100
veneto;7;1993;2015;tmax;95
veneto;7;1993;2015;tmin;95
veneto;81;1993;2015;tmax;100
veneto;81;1993;2015;tmin;100
veneto;83;1993;2015;tmax;100
veneto;83;1993;2015;tmin;100
veneto;9;1993;2015;tmax;95
veneto;9;1993;2015;tmin;95
veneto;94;1993;2015;tmax;100
veneto;94;1993;2015;tmin;100
veneto;134;1994;2013;tmax;95
veneto;134;1994;2013;tmin;95
veneto;163;1994;2013;tmax;95
veneto;163;1994;2013;tmin;95
veneto;100;1994;2015;tmax;95
veneto;100;1994;2015;tmin;95
veneto;135;1994;2015;tmax;95
veneto;135;1994;2015;tmin;95
veneto;174;1994;2015;tmax;100
veneto;174;1994;2015;tmin;100
veneto;251;1994;2015;tmax;100
veneto;251;1994;2015;tmin;100
veneto;253;1994;2015;tmax;100
veneto;253;1994;2015;tmin;100
veneto;261;1994;2015;tmax;100
veneto;261;1994;2015;tmin;100
veneto;262;1994;2015;tmax;100
veneto;262;1994;2015;tmin;100
veneto;38;1995;2015;tmax;100
veneto;38;1995;2015;tmin;100
veneto;47;1995;2015;tmax;100
veneto;47;1995;2015;tmin;100
veneto;48;1995;2015;tmax;100
veneto;48;1995;2015;tmin;100
veneto;88;1995;2015;tmax;100
veneto;88;1995;2015;tmin;100
veneto;20;1996;2015;tmax;100
veneto;20;1996;2015;tmin;100
veneto;21;1996;2015;tmax;100
veneto;21;1996;2015;tmin;100
veneto;64;1996;2015;tmax;100
veneto;64;1996;2015;tmin;100
veneto;67;1996;2015;tmax;100
veneto;67;1996;2015;tmin;100
veneto;90;1996;2015;tmax;95
veneto;90;1996;2015;tmin;95
veneto;101;1997;2015;tmax;95
veneto;101;1997;2015;tmin;95
veneto;102;1997;2015;tmax;100
veneto;102;1997;2015;tmin;100
veneto;237;1997;2015;tmax;100
veneto;237;1997;2015;tmin;100
veneto;92;1997;2015;tmax;95
veneto;92;1997;2015;tmin;95
veneto;95;1997;2015;tmax;100
veneto;95;1997;2015;tmin;100
veneto;96;1997;2015;tmax;90
veneto;96;1997;2015;tmin;90
veneto;144;1998;2013;tmax;95
veneto;144;1998;2013;tmin;95
veneto;103;1998;2015;tmax;100
veneto;103;1998;2015;tmin;100
veneto;104;1998;2015;tmax;100
veneto;104;1998;2015;tmin;100
veneto;105;1998;2015;tmax;95
veneto;105;1998;2015;tmin;95
veneto;34;1998;2015;tmax;100
veneto;34;1998;2015;tmin;100
veneto;118;1999;2015;tmax;100
veneto;118;1999;2015;tmin;100
veneto;108;2000;2015;tmax;100
veneto;108;2000;2015;tmin;100
veneto;120;2000;2015;tmax;100
veneto;120;2000;2015;tmin;100
veneto;97;2000;2015;tmax;100
veneto;97;2000;2015;tmin;100
veneto;106;2001;2015;tmax;95
veneto;106;2001;2015;tmin;95
veneto;107;2001;2015;tmax;100
veneto;107;2001;2015;tmin;100
veneto;112;2001;2015;tmax;100
veneto;112;2001;2015;tmin;100
veneto;113;2001;2015;tmax;100
veneto;113;2001;2015;tmin;100
veneto;121;2001;2015;tmax;100
veneto;121;2001;2015;tmin;100
veneto;122;2002;2015;tmax;100
veneto;122;2002;2015;tmin;100
veneto;30;2002;2015;tmax;100
veneto;30;2002;2015;tmin;100
veneto;31;2002;2015;tmax;100
veneto;31;2002;2015;tmin;100
veneto;115;2003;2015;tmax;100
veneto;115;2003;2015;tmin;100
veneto;60;2003;2015;tmax;100
veneto;60;2003;2015;tmin;100
veneto;99;2003;2015;tmax;100
veneto;99;2003;2015;tmin;100
veneto;167;2004;2013;tmax;100
veneto;167;2004;2013;tmin;100
veneto;246;2004;2015;tmax;100
veneto;246;2004;2015;tmin;100
veneto;50;2004;2015;tmax;100
veneto;50;2004;2015;tmin;100
veneto;123;2005;2015;tmax;100
veneto;123;2005;2015;tmin;100
veneto;124;2005;2015;tmax;100
veneto;124;2005;2015;tmin;100
veneto;125;2005;2015;tmax;100
veneto;125;2005;2015;tmin;100
veneto;126;2005;2015;tmax;100
veneto;126;2005;2015;tmin;100
veneto;127;2006;2015;tmax;100
veneto;127;2006;2015;tmin;100
